DATE,GOLD_PRICE,SILVER_PRICE,GPRD,GPRD_ACT,GPRD_THREAT
2017-12-28,1294.84,16.84,128.48,111.38,130.06
2017-12-29,1302.55,16.95,121.56,171.68,67.39
2018-01-01,1306.86,17.01,96.58,57.77,112.43
2018-01-02,1318.14,17.19,188.69,94.05,278.94
2018-01-03,1312.84,17.13,138.02,147.43,172.16
2018-01-04,1322.97,17.23,146.36,77.82,194.72
2018-01-05,1320.21,17.23,66.52,88.42,59.0
2018-01-08,1320.58,17.14,82.17,92.16,68.33
2018-01-09,1312.66,16.97,77.14,63.33,90.56
2018-01-10,1317.19,16.97,71.72,44.69,82.0
2018-01-11,1322.42,17.0,95.51,60.59,108.3
2018-01-12,1338.4,17.26,167.51,116.9,222.87
2018-01-15,1340.16,17.36,58.96,53.44,62.4
2018-01-16,1338.61,17.2,58.75,45.05,60.13
2018-01-17,1327.73,17.01,128.26,79.36,154.46
2018-01-18,1327.19,16.95,82.81,137.6,91.82
2018-01-19,1331.8,17.03,102.11,105.87,88.31
2018-01-22,1334.11,17.01,130.0,153.6,96.09
2018-01-23,1341.39,17.05,129.0,110.23,153.24
2018-01-24,1358.15,17.57,136.35,143.93,153.4
2018-01-25,1348.05,17.3,82.49,34.63,108.3
2018-01-26,1350.14,17.42,65.84,57.43,88.97
2018-01-29,1340.35,17.16,76.44,101.61,50.85
2018-01-30,1338.55,17.13,95.89,69.52,101.48
2018-01-31,1345.1,17.33,102.41,117.8,111.36
2018-02-01,1349.19,17.25,52.32,48.15,73.63
2018-02-02,1332.98,16.6,30.99,23.17,45.1
2018-02-05,1339.6,16.74,84.58,84.32,78.14
2018-02-06,1325.02,16.64,56.74,34.81,79.84
2018-02-07,1318.49,16.38,76.44,59.27,77.69
2018-02-08,1318.97,16.42,93.48,72.94,101.39
2018-02-09,1316.69,16.36,72.1,55.9,79.94
2018-02-12,1322.88,16.55,124.5,124.12,147.89
2018-02-13,1329.55,16.57,73.42,68.89,79.01
2018-02-14,1350.76,16.87,37.5,24.92,41.58
2018-02-15,1353.3,16.88,69.7,40.87,95.45
2018-02-16,1347.86,16.67,53.12,48.14,48.18
2018-02-19,1346.69,16.66,91.54,57.04,142.72
2018-02-20,1329.49,16.47,91.38,100.21,75.99
2018-02-21,1324.26,16.49,72.12,28.76,95.95
2018-02-22,1331.51,16.62,53.79,53.62,44.73
2018-02-23,1328.94,16.54,74.93,78.63,72.14
2018-02-26,1333.16,16.66,90.38,45.05,120.25
2018-02-27,1318.2,16.42,65.6,37.37,77.92
2018-02-28,1318.05,16.41,70.13,57.58,89.19
2018-03-01,1316.55,16.47,93.71,112.1,70.13
2018-03-02,1322.2,16.51,151.31,48.92,224.44
2018-03-05,1320.01,16.43,108.15,79.86,119.91
2018-03-06,1334.46,16.76,88.45,44.09,110.33
2018-03-07,1325.54,16.5,134.18,58.52,195.26
2018-03-08,1322.35,16.5,106.1,39.17,150.31
2018-03-09,1323.7,16.6,101.21,62.09,135.94
2018-03-12,1323.05,16.54,135.9,42.34,197.76
2018-03-13,1326.39,16.59,119.59,63.58,145.85
2018-03-14,1325.0,16.54,95.0,24.71,151.12
2018-03-15,1316.26,16.4,189.41,75.53,287.0
2018-03-16,1314.0,16.35,173.33,38.4,275.45
2018-03-19,1316.94,16.34,95.19,66.43,110.81
2018-03-20,1311.21,16.2,134.78,62.02,181.05
2018-03-21,1332.17,16.57,171.26,107.83,232.35
2018-03-22,1328.95,16.4,162.07,110.34,184.07
2018-03-23,1347.22,16.57,84.12,71.88,93.26
2018-03-26,1353.46,16.7,81.38,38.18,103.49
2018-03-27,1344.71,16.53,90.82,95.31,119.24
2018-03-28,1324.99,16.31,91.53,86.9,101.48
2018-03-29,1325.0,16.37,176.91,105.82,213.3
2018-04-02,1341.35,16.64,139.22,105.29,151.7
2018-04-03,1332.83,16.42,105.72,120.45,83.72
2018-04-04,1333.35,16.32,70.67,79.26,58.76
2018-04-05,1326.55,16.4,69.1,34.44,93.37
2018-04-06,1333.2,16.39,100.5,104.2,120.34
2018-04-09,1336.24,16.49,102.21,120.42,115.9
2018-04-10,1340.05,16.57,213.29,234.33,188.22
2018-04-11,1353.29,16.66,102.49,49.05,136.36
2018-04-12,1335.48,16.46,296.52,320.95,302.92
2018-04-13,1345.46,16.66,117.61,93.8,136.91
2018-04-16,1345.91,16.65,194.29,193.69,226.18
2018-04-17,1347.29,16.78,178.37,59.27,261.32
2018-04-18,1349.32,17.2,234.36,26.96,367.27
2018-04-19,1345.6,17.25,214.14,174.27,225.3
2018-04-20,1335.12,17.14,71.07,31.49,91.93
2018-04-23,1325.0,16.56,88.52,74.31,100.73
2018-04-24,1330.68,16.74,150.57,58.11,218.1
2018-04-25,1323.33,16.55,193.13,117.19,244.38
2018-04-26,1317.28,16.52,146.27,85.78,207.48
2018-04-27,1322.8,16.53,91.8,53.39,114.51
2018-04-30,1315.36,16.34,134.54,111.0,138.88
2018-05-01,1303.97,16.16,155.35,72.88,197.56
2018-05-02,1304.85,16.37,186.62,160.68,239.83
2018-05-03,1312.09,16.45,125.34,44.63,193.56
2018-05-04,1315.05,16.52,139.02,23.76,217.98
2018-05-07,1314.3,16.49,79.7,39.73,99.41
2018-05-08,1314.47,16.48,125.37,48.07,168.4
2018-05-09,1312.78,16.53,284.19,132.8,413.54
2018-05-10,1321.39,16.72,233.39,73.48,367.72
2018-05-11,1318.22,16.67,163.63,79.58,225.67
2018-05-14,1312.82,16.53,125.73,77.14,184.97
2018-05-15,1290.64,16.27,112.64,66.55,159.58
2018-05-16,1291.03,16.39,150.57,123.62,147.3
2018-05-17,1291.0,16.44,152.69,67.65,218.67
2018-05-18,1292.5,16.46,92.46,80.15,106.97
2018-05-21,1292.68,16.52,125.67,60.13,175.55
2018-05-22,1291.32,16.55,81.85,28.8,120.11
2018-05-23,1293.75,16.45,179.17,99.69,214.82
2018-05-24,1304.88,16.66,153.59,16.55,248.53
2018-05-25,1301.61,16.51,140.56,37.87,214.8
2018-05-28,1298.11,16.48,102.57,36.09,140.48
2018-05-29,1298.86,16.42,71.24,10.15,110.01
2018-05-30,1301.48,16.51,141.91,105.09,202.29
2018-05-31,1298.32,16.38,92.14,104.98,80.26
2018-06-01,1293.14,16.4,186.23,63.2,263.59
2018-06-04,1291.98,16.41,146.14,29.14,218.74
2018-06-05,1296.13,16.5,178.04,64.54,242.25
2018-06-06,1297.0,16.69,108.61,33.32,159.78
2018-06-07,1297.12,16.71,88.73,42.12,119.46
2018-06-08,1298.75,16.78,116.16,44.83,155.8
2018-06-11,1300.14,16.93,135.01,48.07,192.45
2018-06-12,1295.97,16.86,155.89,69.07,208.84
2018-06-13,1299.71,17.04,140.87,56.18,200.81
2018-06-14,1302.22,17.18,188.49,135.93,220.09
2018-06-15,1279.84,16.56,69.98,23.26,96.99
2018-06-18,1278.31,16.43,47.08,34.13,56.94
2018-06-19,1274.76,16.32,99.42,36.04,142.8
2018-06-20,1268.1,16.29,121.34,72.58,141.26
2018-06-21,1267.2,16.36,93.6,73.03,121.82
2018-06-22,1269.28,16.48,57.31,22.85,82.6
2018-06-25,1266.0,16.34,87.78,64.48,107.57
2018-06-26,1258.99,16.3,137.23,56.61,212.49
2018-06-27,1252.02,16.05,130.6,63.13,164.55
2018-06-28,1248.28,16.0,88.44,64.12,100.29
2018-06-29,1253.0,16.12,141.04,98.81,164.83
2018-07-02,1241.97,15.86,123.03,72.68,143.98
2018-07-03,1252.93,16.05,146.82,137.22,129.71
2018-07-04,1256.95,16.08,49.22,19.63,65.49
2018-07-05,1257.76,16.02,119.57,97.13,117.84
2018-07-06,1254.99,16.04,128.33,63.97,166.74
2018-07-09,1257.76,16.12,170.47,174.53,137.92
2018-07-10,1255.65,16.08,121.88,78.11,144.78
2018-07-11,1242.16,15.79,125.25,68.89,150.83
2018-07-12,1247.14,15.95,172.86,88.17,247.37
2018-07-13,1241.52,15.82,125.48,164.4,119.24
2018-07-16,1240.82,15.79,168.76,115.37,232.55
2018-07-17,1227.51,15.59,100.8,91.35,114.29
2018-07-18,1227.18,15.57,88.57,44.15,117.84
2018-07-19,1222.8,15.31,143.05,169.35,118.95
2018-07-20,1231.76,15.52,54.1,16.59,76.13
2018-07-23,1224.54,15.4,161.71,87.93,195.59
2018-07-24,1224.55,15.48,161.13,94.49,189.15
2018-07-25,1231.61,15.6,105.16,69.89,153.03
2018-07-26,1222.67,15.4,107.87,161.31,82.22
2018-07-27,1223.38,15.5,119.33,106.66,143.71
2018-07-30,1221.8,15.51,118.86,51.52,154.7
2018-07-31,1223.83,15.54,109.94,76.25,119.24
2018-08-01,1216.05,15.39,140.03,61.07,189.21
2018-08-02,1207.96,15.34,121.88,78.11,144.78
2018-08-03,1213.43,15.42,147.88,42.12,231.88
2018-08-06,1206.94,15.31,162.55,111.76,177.11
2018-08-07,1211.02,15.38,200.46,89.93,258.36
2018-08-08,1213.61,15.42,129.06,66.71,166.94
2018-08-09,1212.35,15.46,170.89,34.95,262.33
2018-08-10,1211.3,15.31,121.94,64.83,162.23
2018-08-13,1193.64,15.0,142.48,81.16,169.25
2018-08-14,1194.03,14.99,136.4,77.7,186.33
2018-08-15,1174.88,14.45,111.39,67.59,128.87
2018-08-16,1174.16,14.66,128.16,88.46,155.76
2018-08-17,1184.77,14.8,107.13,34.18,156.79
2018-08-20,1190.53,14.76,106.86,168.2,112.24
2018-08-21,1196.12,14.78,152.0,52.25,209.2
2018-08-22,1195.51,14.77,119.33,66.62,158.76
2018-08-23,1185.31,14.5,120.29,147.59,123.11
2018-08-24,1205.97,14.82,44.46,35.46,51.76
2018-08-27,1211.35,14.9,109.46,57.43,182.04
2018-08-28,1201.26,14.71,134.44,32.17,214.64
2018-08-29,1206.66,14.76,139.9,143.97,165.12
2018-08-30,1199.88,14.57,86.17,38.18,119.41
2018-08-31,1201.09,14.53,62.03,41.23,68.78
2018-09-03,1201.15,14.51,94.17,55.22,119.76
2018-09-04,1191.35,14.13,14.36,9.54,15.92
2018-09-05,1196.75,14.19,85.93,102.8,64.31
2018-09-06,1200.14,14.16,97.69,35.41,132.93
2018-09-07,1195.86,14.14,87.87,35.04,124.21
2018-09-10,1195.88,14.19,55.42,25.5,70.9
2018-09-11,1198.29,14.14,81.84,120.24,35.82
2018-09-12,1206.19,14.25,80.89,80.64,67.27
2018-09-13,1201.44,14.2,68.57,51.27,99.78
2018-09-14,1193.71,14.07,118.31,76.09,133.28
2018-09-17,1200.93,14.2,91.08,19.12,143.51
2018-09-18,1198.35,14.15,105.01,47.58,134.95
2018-09-19,1203.99,14.25,58.63,16.7,90.54
2018-09-20,1207.58,14.31,107.93,24.83,165.68
2018-09-21,1199.55,14.3,113.79,92.43,119.15
2018-09-24,1198.86,14.26,143.44,116.19,193.82
2018-09-25,1201.31,14.46,95.44,55.5,125.66
2018-09-26,1194.46,14.34,110.16,7.84,176.65
2018-09-27,1182.8,14.24,73.7,23.2,103.21
2018-09-28,1192.09,14.65,81.46,15.47,122.57
2018-10-01,1188.47,14.5,120.77,129.0,100.42
2018-10-02,1203.1,14.69,36.01,35.9,29.94
2018-10-03,1197.37,14.63,94.42,78.44,130.86
2018-10-04,1199.66,14.59,69.01,48.56,87.77
2018-10-05,1202.86,14.63,78.22,54.58,110.57
2018-10-08,1188.01,14.37,49.11,35.61,51.97
2018-10-09,1189.62,14.4,95.88,19.12,143.51
2018-10-10,1194.78,14.3,104.2,112.53,101.08
2018-10-11,1224.33,14.59,130.71,57.01,176.61
2018-10-12,1217.93,14.6,87.07,31.56,125.06
2018-10-15,1226.93,14.69,122.86,47.11,172.89
2018-10-16,1224.43,14.68,134.62,105.45,143.92
2018-10-17,1222.68,14.61,117.82,18.07,188.41
2018-10-18,1225.75,14.58,127.06,126.67,120.75
2018-10-19,1226.32,14.64,106.2,48.86,135.86
2018-10-22,1222.17,14.64,83.92,8.81,132.22
2018-10-23,1230.49,14.73,108.82,86.79,130.31
2018-10-24,1234.22,14.69,127.58,63.59,204.6
2018-10-25,1232.23,14.64,141.05,127.83,135.06
2018-10-26,1233.59,14.64,159.1,89.47,196.75
2018-10-29,1229.74,14.48,94.36,69.32,99.11
2018-10-30,1223.44,14.47,109.74,89.14,114.91
2018-10-31,1214.54,14.26,81.53,102.66,114.18
2018-11-01,1233.24,14.79,101.45,61.56,117.37
2018-11-02,1232.89,14.75,103.39,31.72,158.72
2018-11-05,1231.3,14.65,114.68,35.18,176.05
2018-11-06,1226.8,14.54,62.59,35.65,81.78
2018-11-07,1226.11,14.57,140.43,32.94,206.07
2018-11-08,1223.54,14.43,60.82,64.67,60.69
2018-11-09,1209.6,14.16,114.37,118.24,126.81
2018-11-12,1200.65,13.99,42.74,63.92,26.66
2018-11-13,1202.35,14.0,142.28,97.52,162.68
2018-11-14,1210.91,14.14,33.38,24.95,34.69
2018-11-15,1213.0,14.29,106.86,57.36,157.2
2018-11-16,1221.47,14.41,44.55,24.22,67.35
2018-11-19,1224.05,14.43,55.67,37.0,61.73
2018-11-20,1221.55,14.32,58.04,24.8,89.63
2018-11-21,1226.02,14.49,84.63,72.31,113.93
2018-11-22,1227.45,14.51,58.46,0.0,97.22
2018-11-23,1223.19,14.29,135.3,95.72,174.2
2018-11-26,1222.37,14.23,101.26,105.75,112.27
2018-11-27,1214.69,14.14,129.9,92.5,162.03
2018-11-28,1221.11,14.32,100.89,50.29,146.81
2018-11-29,1223.99,14.31,96.02,63.81,119.76
2018-11-30,1221.97,14.18,142.19,30.65,223.68
2018-12-03,1231.08,14.39,50.19,45.49,45.53
2018-12-04,1238.55,14.52,99.66,37.85,134.17
2018-12-05,1237.56,14.51,103.39,24.74,151.31
2018-12-06,1237.99,14.48,131.28,113.42,160.1
2018-12-07,1248.1,14.62,196.08,124.77,235.9
2018-12-10,1244.59,14.53,90.95,28.63,135.34
2018-12-11,1242.94,14.55,95.39,60.51,122.58
2018-12-12,1245.8,14.75,85.98,54.14,112.89
2018-12-13,1242.46,14.76,132.15,114.18,131.86
2018-12-14,1238.21,14.57,120.08,99.07,144.61
2018-12-17,1245.91,14.66,72.8,51.84,86.48
2018-12-18,1249.38,14.64,72.22,38.4,88.08
2018-12-19,1243.39,14.6,62.33,26.63,81.45
2018-12-20,1260.14,14.76,162.69,108.13,195.41
2018-12-21,1256.01,14.62,210.32,157.26,247.76
2018-12-24,1269.13,14.78,111.24,123.22,92.5
2018-12-26,1266.98,15.03,63.1,62.9,52.47
2018-12-27,1275.22,15.24,30.22,12.05,40.21
2018-12-28,1280.75,15.39,102.01,64.23,133.93
2018-12-31,1282.82,15.5,86.68,86.42,113.27
2019-01-01,1282.62,15.49,83.74,92.76,77.37
2019-01-02,1284.77,15.52,189.86,99.62,249.28
2019-01-03,1293.99,15.74,9.49,9.46,7.89
2019-01-04,1284.92,15.69,99.02,62.82,112.28
2019-01-07,1288.67,15.65,83.16,46.06,99.88
2019-01-08,1285.35,15.65,67.88,27.07,90.31
2019-01-09,1293.13,15.75,106.43,79.58,132.75
2019-01-10,1286.38,15.56,76.84,42.56,92.29
2019-01-11,1288.0,15.6,101.24,113.04,127.96
2019-01-14,1291.73,15.65,89.27,46.84,117.21
2019-01-15,1289.31,15.58,102.54,35.56,140.88
2019-01-16,1293.52,15.59,92.77,77.07,96.42
2019-01-17,1291.9,15.52,160.64,138.5,194.95
2019-01-18,1281.49,15.35,112.83,107.98,112.58
2019-01-21,1280.28,15.27,70.8,60.5,75.7
2019-01-22,1285.04,15.33,144.77,101.87,191.19
2019-01-23,1282.39,15.35,58.19,66.3,96.77
2019-01-24,1280.94,15.32,91.32,82.77,110.46
2019-01-25,1303.22,15.75,91.14,47.4,131.79
2019-01-28,1303.53,15.75,101.15,20.17,151.39
2019-01-29,1311.93,15.84,101.45,43.97,139.38
2019-01-30,1319.91,16.06,173.69,57.72,254.47
2019-01-31,1320.94,16.07,148.14,32.82,232.68
2019-02-01,1318.0,15.91,113.57,67.93,138.51
2019-02-04,1311.75,15.87,179.98,29.1,291.23
2019-02-05,1315.01,15.86,106.41,18.45,161.58
2019-02-06,1306.22,15.68,103.1,35.75,156.55
2019-02-07,1310.09,15.74,92.48,33.53,139.82
2019-02-08,1314.07,15.83,62.35,85.47,38.89
2019-02-11,1308.33,15.71,96.53,91.17,84.49
2019-02-12,1310.89,15.71,69.22,29.57,90.45
2019-02-13,1306.19,15.57,88.73,25.27,133.51
2019-02-14,1312.55,15.63,76.54,25.44,113.15
2019-02-15,1321.41,15.78,145.11,165.33,158.58
2019-02-18,1326.9,15.81,67.15,22.31,102.36
2019-02-19,1341.16,15.99,116.57,116.21,153.48
2019-02-20,1338.49,16.06,171.34,124.23,198.6
2019-02-21,1323.49,15.82,116.55,62.56,156.55
2019-02-22,1327.8,15.92,69.44,40.72,88.31
2019-02-25,1327.12,15.89,139.02,76.47,167.42
2019-02-26,1328.96,15.94,124.92,64.57,184.66
2019-02-27,1319.88,15.74,160.56,117.94,189.72
2019-02-28,1313.05,15.61,162.63,153.6,220.65
2019-03-01,1293.56,15.21,184.5,66.88,278.94
2019-03-04,1286.66,15.08,62.96,77.25,72.49
2019-03-05,1287.43,15.13,103.08,37.37,140.26
2019-03-06,1286.76,15.08,81.01,44.87,104.79
2019-03-07,1285.74,15.03,91.1,74.3,123.95
2019-03-08,1298.39,15.33,55.01,62.68,39.21
2019-03-11,1294.25,15.33,44.9,49.73,41.48
2019-03-12,1302.01,15.45,101.32,96.61,87.91
2019-03-13,1309.28,15.45,115.26,110.65,106.49
2019-03-14,1296.28,15.18,66.67,74.77,62.37
2019-03-15,1301.38,15.28,61.12,56.87,54.21
2019-03-18,1303.7,15.44,79.94,139.47,16.62
2019-03-19,1306.55,15.35,107.43,142.81,59.56
2019-03-20,1312.48,15.45,60.31,60.12,57.31
2019-03-21,1309.45,15.47,88.87,56.38,107.49
2019-03-22,1313.38,15.41,122.84,118.24,119.76
2019-03-25,1321.9,15.54,51.39,9.32,77.7
2019-03-26,1315.51,15.43,88.73,108.11,65.58
2019-03-27,1309.87,15.29,80.9,84.89,70.81
2019-03-28,1290.55,15.01,81.35,81.1,75.16
2019-03-29,1292.15,15.14,77.67,63.77,98.78
2019-04-01,1287.66,15.11,65.45,50.19,75.35
2019-04-02,1293.15,15.12,60.65,9.3,93.11
2019-04-03,1289.9,15.14,83.97,25.11,118.7
2019-04-04,1292.38,15.15,72.57,59.58,106.49
2019-04-05,1291.7,15.08,71.19,33.4,97.5
2019-04-08,1297.41,15.25,96.83,111.77,76.28
2019-04-09,1304.13,15.22,167.54,95.44,230.87
2019-04-10,1308.05,15.21,76.35,25.37,112.86
2019-04-11,1292.6,14.96,104.2,43.28,144.4
2019-04-12,1290.4,14.95,103.63,81.18,166.19
2019-04-15,1287.88,15.0,56.67,41.09,59.97
2019-04-16,1276.57,14.97,124.46,66.81,151.26
2019-04-17,1274.14,15.0,67.7,67.49,56.3
2019-04-18,1275.39,14.99,54.6,36.29,68.11
2019-04-22,1274.92,14.98,95.93,90.01,84.47
2019-04-23,1272.4,14.82,156.5,114.41,173.51
2019-04-24,1275.36,14.92,88.27,138.95,30.91
2019-04-25,1277.35,14.94,99.63,99.32,103.55
2019-04-26,1286.25,15.06,129.57,103.33,150.83
2019-04-29,1279.8,14.91,68.81,58.8,98.08
2019-04-30,1283.6,14.94,49.37,44.75,52.25
2019-05-01,1276.61,14.68,61.52,9.44,102.31
2019-05-02,1270.54,14.63,186.33,90.82,247.91
2019-05-03,1279.19,14.93,70.15,54.39,77.77
2019-05-06,1280.33,14.9,134.99,103.52,164.06
2019-05-07,1285.15,14.91,122.51,87.93,138.54
2019-05-08,1280.93,14.84,56.74,26.11,87.1
2019-05-09,1284.14,14.76,167.13,85.44,213.8
2019-05-10,1286.0,14.75,135.96,57.5,178.15
2019-05-13,1299.9,14.77,130.95,38.68,193.58
2019-05-14,1297.03,14.79,248.68,93.55,351.14
2019-05-15,1296.66,14.8,184.76,201.74,204.85
2019-05-16,1286.65,14.56,158.54,199.64,131.83
2019-05-17,1277.55,14.39,141.05,119.31,156.38
2019-05-20,1277.74,14.47,102.84,53.96,135.02
2019-05-21,1274.97,14.45,131.19,84.08,163.63
2019-05-22,1273.62,14.45,93.18,46.45,123.97
2019-05-23,1283.45,14.59,102.54,97.78,88.97
2019-05-24,1284.89,14.56,148.69,74.12,206.07
2019-05-27,1285.2,14.59,43.34,37.04,41.19
2019-05-28,1279.49,14.35,69.46,0.0,115.51
2019-05-29,1279.6,14.42,67.51,17.95,97.31
2019-05-30,1288.85,14.52,120.23,107.46,124.11
2019-05-31,1305.65,14.57,104.56,33.36,146.07
2019-06-03,1325.17,14.78,129.25,95.44,143.3
2019-06-04,1325.28,14.82,69.4,18.45,100.02
2019-06-05,1330.18,14.8,122.39,89.47,142.47
2019-06-06,1335.55,14.85,82.92,60.91,116.13
2019-06-07,1340.7,14.99,69.92,60.99,72.68
2019-06-10,1328.13,14.66,56.93,30.96,68.86
2019-06-11,1326.91,14.7,74.29,52.28,87.21
2019-06-12,1333.55,14.74,95.03,99.25,75.26
2019-06-13,1342.35,14.9,114.67,59.27,169.51
2019-06-14,1341.58,14.87,192.64,125.25,229.83
2019-06-17,1339.54,14.84,126.36,18.0,195.14
2019-06-18,1346.48,15.01,157.74,91.04,200.2
2019-06-19,1360.27,15.16,135.55,8.45,218.39
2019-06-20,1388.18,15.42,72.57,25.53,106.49
2019-06-21,1399.05,15.35,126.0,40.52,196.03
2019-06-24,1419.55,15.43,171.25,21.34,284.8
2019-06-25,1423.25,15.37,82.02,0.0,136.4
2019-06-26,1408.75,15.24,123.76,24.68,198.96
2019-06-27,1409.68,15.26,134.94,86.79,159.26
2019-06-28,1409.5,15.31,153.9,87.67,201.1
2019-07-01,1384.31,15.14,112.52,26.92,172.16
2019-07-02,1418.44,15.31,138.22,47.52,214.02
2019-07-03,1418.94,15.3,66.82,9.52,103.19
2019-07-04,1415.64,15.28,105.83,52.75,158.41
2019-07-05,1399.95,14.97,98.35,35.65,141.26
2019-07-08,1395.5,15.03,53.51,9.7,80.9
2019-07-09,1397.9,15.1,96.65,35.04,138.82
2019-07-10,1419.0,15.24,100.78,26.21,153.03
2019-07-11,1404.0,15.12,119.68,68.18,156.38
2019-07-12,1415.74,15.21,107.37,39.64,145.5
2019-07-15,1414.08,15.38,31.06,30.96,43.04
2019-07-16,1406.33,15.56,76.37,28.55,111.13
2019-07-17,1426.8,15.97,147.23,82.56,198.94
2019-07-18,1446.3,16.34,102.68,115.72,103.94
2019-07-19,1425.3,16.21,48.78,17.68,66.37
2019-07-22,1425.12,16.34,193.02,104.01,242.92
2019-07-23,1417.39,16.4,139.27,99.17,198.52
2019-07-24,1425.9,16.59,99.52,47.24,126.1
2019-07-25,1414.53,16.4,74.44,37.11,92.85
2019-07-26,1418.69,16.39,137.65,61.97,192.0
2019-07-29,1426.94,16.46,137.61,88.19,171.65
2019-07-30,1430.85,16.58,152.36,137.19,155.3
2019-07-31,1413.8,16.26,89.66,84.68,109.87
2019-08-01,1445.31,16.33,107.73,89.5,111.97
2019-08-02,1440.7,16.21,110.99,42.56,156.18
2019-08-05,1463.8,16.39,103.52,103.2,94.69
2019-08-06,1474.27,16.45,270.94,183.47,306.06
2019-08-07,1501.2,17.1,106.0,88.06,124.87
2019-08-08,1500.95,16.9,144.63,148.84,124.15
2019-08-09,1497.24,16.94,105.86,61.56,132.04
2019-08-12,1511.4,17.06,151.52,83.34,191.16
2019-08-13,1501.39,16.97,40.67,27.03,45.09
2019-08-14,1516.34,17.21,105.77,86.27,111.94
2019-08-15,1523.2,17.27,96.89,101.19,107.42
2019-08-16,1514.15,17.08,104.61,78.21,115.98
2019-08-19,1495.3,16.86,127.85,46.35,173.97
2019-08-20,1507.1,17.12,76.68,50.96,110.52
2019-08-21,1502.3,17.11,114.39,47.52,150.61
2019-08-22,1498.8,17.01,147.97,66.62,206.39
2019-08-23,1526.85,17.39,96.78,70.17,146.32
2019-08-26,1526.35,17.63,121.19,69.04,143.96
2019-08-27,1542.64,18.16,178.1,111.6,203.1
2019-08-28,1539.1,18.33,83.47,78.84,102.29
2019-08-29,1527.7,18.24,76.37,57.1,79.38
2019-08-30,1520.25,18.35,45.78,41.49,55.37
2019-09-02,1530.59,18.45,118.91,146.77,113.01
2019-09-03,1547.0,19.23,83.73,41.74,113.14
2019-09-04,1552.6,19.57,89.65,53.62,104.37
2019-09-05,1519.35,18.63,81.01,44.87,127.25
2019-09-06,1506.95,18.16,81.74,42.89,100.16
2019-09-09,1498.95,17.96,72.86,87.16,56.54
2019-09-10,1486.4,18.01,104.88,104.56,138.09
2019-09-11,1497.6,18.08,98.75,17.9,156.76
2019-09-12,1498.95,18.1,79.5,70.45,88.14
2019-09-13,1488.7,17.43,70.57,41.38,96.65
2019-09-16,1498.8,17.85,178.92,122.31,229.54
2019-09-17,1503.1,18.02,253.34,200.14,325.93
2019-09-18,1493.9,17.74,115.36,65.72,157.6
2019-09-19,1499.2,17.77,157.13,76.21,240.14
2019-09-20,1517.15,17.98,126.96,130.41,121.57
2019-09-23,1522.12,18.63,52.58,47.65,63.6
2019-09-24,1532.3,18.58,103.24,71.6,141.83
2019-09-25,1504.15,17.91,124.11,76.8,142.35
2019-09-26,1505.8,17.8,70.67,52.84,88.14
2019-09-27,1496.94,17.54,88.06,16.72,146.44
2019-09-30,1472.25,17.0,95.55,42.34,123.6
2019-10-01,1478.98,17.24,90.14,71.89,119.92
2019-10-02,1499.51,17.56,69.65,8.68,115.83
2019-10-03,1505.0,17.56,46.48,25.27,63.24
2019-10-04,1504.6,17.55,111.27,59.73,135.23
2019-10-07,1493.6,17.44,52.96,28.8,64.06
2019-10-08,1505.51,17.71,118.78,87.71,131.69
2019-10-09,1505.7,17.7,82.47,73.08,99.06
2019-10-10,1494.3,17.48,165.17,109.77,213.65
2019-10-11,1489.85,17.54,204.32,277.36,180.74
2019-10-14,1492.9,17.65,118.48,68.9,164.2
2019-10-15,1481.17,17.37,108.07,93.68,179.73
2019-10-16,1489.77,17.39,193.5,119.42,283.5
2019-10-17,1491.89,17.52,114.77,15.78,177.71
2019-10-18,1490.1,17.54,106.58,76.5,127.62
2019-10-21,1484.5,17.57,93.44,55.89,116.55
2019-10-22,1488.05,17.52,54.3,72.18,37.63
2019-10-23,1492.1,17.56,97.06,16.83,154.39
2019-10-24,1503.65,17.77,116.31,42.94,179.1
2019-10-25,1504.73,18.02,140.87,96.3,167.35
2019-10-28,1492.69,17.86,98.3,97.99,114.43
2019-10-29,1487.6,17.8,95.01,68.89,107.74
2019-10-30,1495.4,17.86,113.29,90.35,113.04
2019-10-31,1513.36,18.13,83.14,52.35,109.16
2019-11-01,1513.95,18.09,100.66,72.98,106.53
2019-11-04,1509.63,18.05,59.24,9.84,90.31
2019-11-05,1484.1,17.59,77.94,48.56,97.22
2019-11-06,1490.46,17.62,85.79,95.03,71.34
2019-11-07,1468.07,17.11,63.62,45.3,75.57
2019-11-08,1458.66,16.8,98.94,94.69,92.15
2019-11-11,1455.9,16.86,92.59,61.53,111.21
2019-11-12,1457.19,16.77,62.41,67.0,63.87
2019-11-13,1463.19,16.95,160.15,142.85,189.24
2019-11-14,1471.2,17.01,85.79,28.51,118.9
2019-11-15,1467.37,16.95,75.07,56.13,85.83
2019-11-18,1470.85,17.02,109.1,79.1,156.69
2019-11-19,1472.38,17.14,61.17,46.91,62.6
2019-11-20,1471.25,17.13,101.93,33.87,141.26
2019-11-21,1464.4,17.1,62.9,41.8,76.71
2019-11-22,1462.29,17.0,64.28,22.62,88.04
2019-11-25,1454.97,16.9,36.63,31.3,34.81
2019-11-26,1461.6,17.07,70.48,46.84,78.14
2019-11-27,1454.35,16.94,93.25,97.39,81.23
2019-11-28,1458.34,16.87,38.01,10.83,63.22
2019-11-29,1464.8,17.02,108.38,75.16,117.55
2019-12-02,1462.44,16.9,77.88,31.06,112.25
2019-12-03,1477.34,17.16,85.84,50.34,100.77
2019-12-04,1474.35,16.82,47.66,47.52,63.41
2019-12-05,1475.7,16.95,103.15,94.92,92.37
2019-12-06,1459.76,16.56,88.66,64.28,113.93
2019-12-09,1461.99,16.6,82.81,51.6,103.29
2019-12-10,1464.21,16.65,76.31,26.85,119.44
2019-12-11,1474.85,16.85,97.43,138.76,77.16
2019-12-12,1469.43,16.93,97.69,70.83,110.77
2019-12-13,1475.81,16.93,99.63,41.38,138.07
2019-12-16,1476.25,17.03,94.93,59.77,116.33
2019-12-17,1476.45,17.0,82.33,48.28,104.7
2019-12-18,1475.44,17.01,119.12,109.62,137.15
2019-12-19,1479.15,17.06,69.01,34.4,93.25
2019-12-20,1478.2,17.19,49.51,71.79,22.46
2019-12-23,1485.52,17.42,34.81,23.13,38.59
2019-12-24,1499.56,17.79,58.22,34.82,67.77
2019-12-26,1511.55,17.89,44.17,52.84,44.07
2019-12-27,1510.67,17.75,111.91,111.57,93.06
2019-12-30,1515.22,17.92,128.64,153.9,85.58
2019-12-31,1517.39,17.83,165.35,142.86,210.83
2020-01-01,1517.3,17.83,114.53,105.39,131.86
2020-01-02,1528.94,18.01,163.18,86.76,199.01
2020-01-03,1551.65,18.03,80.79,40.27,125.97
2020-01-06,1565.96,18.14,251.99,115.14,357.95
2020-01-07,1573.99,18.39,413.46,147.21,622.12
2020-01-08,1555.81,18.08,180.61,158.09,227.1
2020-01-09,1552.37,17.9,394.46,339.62,551.65
2020-01-10,1562.28,18.09,167.3,166.79,187.81
2020-01-13,1548.3,17.96,152.73,126.0,157.65
2020-01-14,1546.37,17.79,131.78,81.54,151.14
2020-01-15,1556.19,17.99,153.53,64.93,216.65
2020-01-16,1552.79,17.94,145.95,44.09,213.3
2020-01-17,1556.61,18.0,129.82,83.5,174.12
2020-01-20,1561.58,18.07,119.12,33.93,179.23
2020-01-21,1558.02,17.77,119.33,85.65,150.82
2020-01-22,1558.91,17.82,77.99,24.55,129.7
2020-01-23,1563.33,17.78,93.07,16.87,147.75
2020-01-24,1570.65,18.08,51.96,8.63,79.21
2020-01-27,1581.95,18.08,72.01,30.77,94.1
2020-01-28,1566.24,17.43,99.59,51.8,136.83
2020-01-29,1577.12,17.54,47.02,8.52,71.08
2020-01-30,1574.22,17.82,188.07,42.61,284.34
2020-01-31,1590.2,18.03,73.98,40.97,88.85
2020-02-03,1576.45,17.66,107.52,112.29,93.66
2020-02-04,1552.55,17.58,143.61,181.34,103.49
2020-02-05,1556.7,17.59,68.35,36.34,98.51
2020-02-06,1566.85,17.81,90.63,36.14,128.12
2020-02-07,1570.29,17.67,78.96,23.62,111.62
2020-02-10,1572.3,17.75,24.76,19.75,24.7
2020-02-11,1567.72,17.63,90.26,89.98,82.56
2020-02-12,1565.63,17.46,62.03,74.21,41.27
2020-02-13,1576.39,17.63,58.85,83.82,27.96
2020-02-14,1584.7,17.73,89.18,59.27,120.07
2020-02-17,1581.1,17.77,84.65,78.76,112.62
2020-02-18,1601.91,18.16,83.43,0.0,138.75
2020-02-19,1611.64,18.4,54.75,45.49,53.12
2020-02-20,1619.7,18.35,111.31,53.26,140.69
2020-02-21,1643.7,18.46,103.92,86.34,129.62
2020-02-24,1660.72,18.62,80.92,70.59,75.7
2020-02-25,1635.38,17.99,115.45,44.27,155.08
2020-02-26,1639.96,17.88,102.6,19.48,154.38
2020-02-27,1642.35,17.7,63.97,72.88,53.19
2020-02-28,1585.12,16.66,55.14,59.2,56.43
2020-03-02,1590.73,16.73,106.23,125.16,104.4
2020-03-03,1639.77,17.18,123.04,141.53,86.57
2020-03-04,1635.83,17.18,144.92,140.35,185.93
2020-03-05,1670.61,17.41,79.18,122.8,58.53
2020-03-06,1674.23,17.31,51.33,55.11,78.79
2020-03-09,1680.2,16.97,72.8,41.47,95.13
2020-03-10,1649.36,16.86,71.65,16.81,112.14
2020-03-11,1635.03,16.75,90.98,65.96,110.04
2020-03-12,1577.09,15.82,74.84,70.68,72.06
2020-03-13,1529.7,14.68,68.07,82.94,81.75
2020-03-16,1514.61,12.9,34.45,9.81,49.11
2020-03-17,1528.58,12.59,99.09,94.08,86.32
2020-03-18,1486.3,11.98,87.61,74.86,83.26
2020-03-19,1471.0,12.11,89.17,97.78,81.56
2020-03-20,1498.24,12.58,57.8,26.6,81.34
2020-03-23,1553.81,13.25,121.19,40.27,167.96
2020-03-24,1622.03,14.27,191.01,100.22,275.87
2020-03-25,1613.79,14.43,53.36,17.73,81.34
2020-03-26,1632.38,14.39,56.71,28.27,78.59
2020-03-27,1623.5,14.47,52.13,47.24,55.17
2020-03-30,1623.3,14.12,103.52,39.31,139.36
2020-03-31,1571.31,13.97,89.26,59.32,107.21
2020-04-01,1595.05,14.0,65.6,9.34,101.3
2020-04-02,1613.79,14.51,47.59,9.49,79.15
2020-04-03,1618.45,14.39,84.58,56.21,93.77
2020-04-06,1663.0,14.99,99.33,108.92,90.85
2020-04-07,1648.95,15.0,106.53,60.69,143.42
2020-04-08,1646.52,15.05,78.21,55.04,91.82
2020-04-09,1684.07,15.45,60.91,84.08,38.96
2020-04-10,1689.9,15.44,85.49,71.02,94.78
2020-04-13,1714.32,15.45,88.78,77.44,92.28
2020-04-14,1729.7,15.81,91.17,43.28,137.18
2020-04-15,1716.6,15.48,89.53,68.0,99.26
2020-04-16,1718.4,15.62,48.46,17.57,65.93
2020-04-17,1684.69,15.13,73.51,45.8,84.05
2020-04-20,1694.12,15.37,25.88,0.0,43.04
2020-04-21,1687.02,14.93,54.08,35.94,59.96
2020-04-22,1714.82,15.16,137.26,136.84,114.14
2020-04-23,1731.59,15.3,100.94,82.33,114.45
2020-04-24,1729.43,15.24,45.83,8.31,76.23
2020-04-27,1715.57,15.28,49.0,19.54,65.2
2020-04-28,1708.63,15.19,95.69,127.19,75.78
2020-04-29,1712.38,15.36,79.46,99.02,66.08
2020-04-30,1685.05,15.02,56.95,56.77,55.25
2020-05-01,1700.41,14.94,60.41,60.23,50.23
2020-05-04,1701.69,14.84,59.6,29.71,74.33
2020-05-05,1707.17,15.02,41.64,36.9,38.47
2020-05-06,1685.88,14.92,80.79,113.71,47.42
2020-05-07,1717.94,15.5,56.15,27.99,70.03
2020-05-08,1702.65,15.45,70.48,93.68,54.7
2020-05-11,1697.35,15.55,37.91,37.8,31.53
2020-05-12,1702.72,15.41,39.44,9.83,57.39
2020-05-13,1715.99,15.64,59.53,33.91,70.72
2020-05-14,1730.65,15.87,82.13,45.49,98.65
2020-05-15,1743.0,16.62,45.82,27.41,53.34
2020-05-18,1732.32,17.18,135.1,140.07,125.82
2020-05-19,1745.11,17.4,99.48,79.34,99.26
2020-05-20,1749.5,17.5,99.69,45.18,128.12
2020-05-21,1726.34,17.06,73.21,27.37,106.53
2020-05-22,1736.07,17.18,135.65,69.8,174.66
2020-05-25,1729.57,17.2,129.13,11.19,205.42
2020-05-26,1712.45,17.1,120.36,73.04,147.95
2020-05-27,1709.25,17.3,23.43,28.03,31.17
2020-05-28,1719.4,17.42,61.02,43.45,79.74
2020-05-29,1728.3,17.84,137.45,45.68,190.49
2020-06-01,1740.34,18.27,53.9,39.08,73.34
2020-06-02,1727.97,18.09,83.04,82.79,76.73
2020-06-03,1698.63,17.67,114.53,52.7,190.47
2020-06-04,1711.84,17.72,36.15,27.03,37.58
2020-06-05,1685.83,17.37,109.98,61.4,131.69
2020-06-08,1695.47,17.86,65.65,50.34,75.58
2020-06-09,1714.57,17.59,68.3,19.45,105.47
2020-06-10,1737.1,18.25,95.69,45.42,121.24
2020-06-11,1727.51,17.71,87.41,18.35,137.73
2020-06-12,1730.8,17.44,73.61,55.04,76.51
2020-06-15,1725.53,17.43,102.87,102.56,128.32
2020-06-16,1727.46,17.4,79.2,27.87,108.48
2020-06-17,1727.04,17.58,151.38,150.91,133.28
2020-06-18,1722.99,17.51,101.32,61.48,124.54
2020-06-19,1743.62,17.6,53.82,78.05,32.55
2020-06-22,1755.44,17.82,131.45,83.87,166.14
2020-06-23,1767.54,17.95,56.38,65.58,62.51
2020-06-24,1762.43,17.52,80.22,37.63,109.87
2020-06-25,1761.82,17.88,40.78,27.11,45.22
2020-06-26,1771.47,17.75,44.34,8.84,66.37
2020-06-29,1772.28,17.86,48.01,63.81,44.36
2020-06-30,1781.66,18.13,76.92,67.1,87.95
2020-07-01,1770.32,17.94,107.85,143.36,145.2
2020-07-02,1776.13,17.9,23.39,18.66,23.34
2020-07-03,1775.05,18.04,43.97,29.22,56.88
2020-07-06,1783.9,18.21,72.01,30.77,94.1
2020-07-07,1795.26,18.3,106.17,74.09,123.6
2020-07-08,1810.78,18.77,68.6,48.85,105.94
2020-07-09,1803.19,18.66,55.83,18.55,77.37
2020-07-10,1798.89,18.67,97.43,18.5,146.6
2020-07-13,1803.39,19.08,92.73,51.36,111.38
2020-07-14,1807.78,19.2,93.8,98.43,73.89
2020-07-15,1811.9,19.39,103.67,39.37,147.78
2020-07-16,1797.05,19.17,29.49,29.4,24.52
2020-07-17,1809.9,19.31,38.32,16.98,49.57
2020-07-20,1816.09,19.9,87.17,67.59,128.87
2020-07-21,1842.22,21.33,116.23,26.74,178.43
2020-07-22,1872.07,23.03,117.13,18.68,187.01
2020-07-23,1887.44,22.72,78.04,34.58,115.37
2020-07-24,1901.46,22.74,92.75,52.84,110.18
2020-07-27,1942.42,24.61,137.18,50.65,185.89
2020-07-28,1959.5,24.57,121.65,46.64,171.18
2020-07-29,1970.73,24.41,80.91,37.96,110.81
2020-07-30,1960.5,23.55,54.08,26.96,67.46
2020-07-31,1975.89,24.37,38.62,34.22,42.82
2020-08-03,1977.25,24.25,42.17,28.03,46.75
2020-08-04,2018.52,26.0,48.71,19.43,64.81
2020-08-05,2040.4,27.02,33.8,0.0,56.21
2020-08-06,2063.81,28.94,112.37,98.58,112.12
2020-08-07,2035.03,28.29,43.82,17.47,65.58
2020-08-10,2027.77,29.15,40.58,20.23,50.62
2020-08-11,1911.64,24.79,55.29,18.37,76.62
2020-08-12,1918.07,25.56,61.83,61.64,80.8
2020-08-13,1954.0,27.56,88.9,9.33,140.06
2020-08-14,1944.29,26.41,44.29,26.49,58.92
2020-08-17,1986.2,27.4,65.55,30.16,92.24
2020-08-18,2001.2,27.65,84.1,37.26,108.78
2020-08-19,1929.82,26.72,46.66,46.51,69.83
2020-08-20,1943.6,27.22,122.02,36.04,180.38
2020-08-21,1940.16,26.69,166.3,17.92,261.62
2020-08-24,1933.09,26.54,71.24,0.0,118.47
2020-08-25,1928.19,26.43,85.98,45.11,105.36
2020-08-26,1954.03,27.52,105.67,36.64,152.82
2020-08-27,1929.2,27.05,142.09,97.39,162.46
2020-08-28,1964.89,27.49,64.11,17.04,106.63
2020-08-31,1970.15,28.22,88.63,66.27,101.34
2020-09-01,1970.49,28.17,106.37,80.79,126.35
2020-09-02,1942.98,27.5,109.21,90.72,105.94
2020-09-03,1930.85,26.63,94.24,84.56,125.38
2020-09-04,1932.85,26.88,94.9,36.04,127.77
2020-09-07,1929.18,27.0,149.53,22.93,229.54
2020-09-08,1931.26,26.71,68.6,29.31,89.64
2020-09-09,1946.66,27.03,47.32,25.73,64.39
2020-09-10,1954.07,26.92,145.25,140.13,124.67
2020-09-11,1941.5,26.74,145.95,88.18,205.94
2020-09-14,1956.37,27.16,67.31,47.93,71.96
2020-09-15,1955.52,27.24,115.94,33.02,165.27
2020-09-16,1959.32,27.23,82.47,54.81,121.91
2020-09-17,1942.6,27.1,100.08,29.93,141.47
2020-09-18,1949.69,26.77,86.34,18.12,143.58
2020-09-21,1912.57,24.73,52.92,31.65,70.4
2020-09-22,1899.28,24.42,94.39,35.85,156.97
2020-09-23,1863.55,22.87,62.17,35.41,73.85
2020-09-24,1868.04,23.21,64.87,68.98,86.3
2020-09-25,1860.05,22.86,55.35,25.47,70.81
2020-09-28,1880.85,23.71,104.41,85.16,134.17
2020-09-29,1897.69,24.18,105.16,104.84,95.39
2020-09-30,1885.44,23.21,104.96,125.57,76.8
2020-10-01,1905.05,23.89,76.0,53.48,96.65
2020-10-02,1898.7,23.7,101.93,25.4,148.32
2020-10-05,1912.9,24.35,66.92,9.53,111.29
2020-10-06,1877.13,23.09,85.71,68.35,114.03
2020-10-07,1887.22,23.84,83.25,43.68,102.02
2020-10-08,1893.09,23.83,113.65,16.78,175.0
2020-10-09,1929.43,25.12,81.57,27.11,113.04
2020-10-12,1921.95,25.11,67.72,56.26,93.85
2020-10-13,1890.82,24.17,78.09,0.0,129.86
2020-10-14,1900.89,24.28,47.69,17.29,64.9
2020-10-15,1907.82,24.31,107.97,51.67,143.65
2020-10-16,1898.97,24.17,123.5,61.56,176.05
2020-10-19,1904.27,24.5,95.22,69.94,100.01
2020-10-20,1906.39,24.65,98.67,103.05,85.96
2020-10-21,1924.49,25.07,72.01,62.82,67.37
2020-10-22,1904.04,24.75,101.61,105.35,81.11
2020-10-23,1900.79,24.58,65.73,52.42,65.58
2020-10-26,1901.69,24.32,89.93,29.89,124.64
2020-10-27,1906.83,24.55,130.45,65.03,185.96
2020-10-28,1877.06,23.41,81.79,54.36,113.35
2020-10-29,1867.13,23.28,89.64,51.07,106.49
2020-10-30,1877.95,23.63,80.36,89.01,66.82
2020-11-02,1895.1,24.04,56.63,56.45,54.93
2020-11-03,1908.36,24.17,162.63,179.2,142.35
2020-11-04,1903.21,23.91,129.57,94.72,136.47
2020-11-05,1948.56,25.33,69.65,86.79,72.39
2020-11-06,1951.51,25.59,62.93,89.62,67.27
2020-11-09,1861.86,24.07,105.4,80.06,116.86
2020-11-10,1876.5,24.21,58.59,44.93,59.96
2020-11-11,1864.71,24.25,97.93,76.4,113.3
2020-11-12,1875.76,24.23,52.86,17.57,80.58
2020-11-13,1888.04,24.63,69.19,77.6,57.54
2020-11-16,1888.52,24.75,70.6,97.45,63.22
2020-11-17,1878.6,24.47,45.82,36.54,53.34
2020-11-18,1871.41,24.31,109.74,105.35,128.43
2020-11-19,1867.37,24.09,49.04,35.56,51.9
2020-11-20,1870.49,24.14,94.16,42.67,128.12
2020-11-23,1835.85,23.58,36.76,54.96,45.84
2020-11-24,1807.51,23.25,104.29,128.73,82.59
2020-11-25,1805.3,23.3,23.36,9.32,31.08
2020-11-26,1810.57,23.45,69.12,63.61,79.58
2020-11-27,1788.13,22.7,70.37,100.22,66.88
2020-11-30,1777.02,22.6,46.8,20.74,69.19
2020-12-01,1814.87,24.0,129.66,41.7,180.85
2020-12-02,1831.01,24.1,92.27,36.8,130.44
2020-12-03,1840.36,24.07,67.79,63.07,90.19
2020-12-04,1837.61,24.17,38.67,25.7,42.87
2020-12-07,1863.69,24.51,55.04,0.0,91.54
2020-12-08,1871.36,24.56,78.98,34.99,102.15
2020-12-09,1839.11,23.92,62.74,8.34,104.34
2020-12-10,1835.31,23.95,95.42,27.18,143.58
2020-12-11,1839.03,23.91,42.85,42.72,35.63
2020-12-14,1827.17,23.82,29.8,19.8,33.04
2020-12-15,1853.46,24.48,89.53,46.98,125.38
2020-12-16,1864.15,25.34,52.51,8.72,80.05
2020-12-17,1885.87,26.05,93.12,70.73,125.37
2020-12-18,1880.66,25.77,79.99,0.0,133.03
2020-12-21,1876.21,26.16,91.12,64.12,106.97
2020-12-22,1859.56,25.12,62.68,48.07,72.17
2020-12-23,1872.08,25.53,68.6,39.08,97.79
2020-12-24,1876.56,25.84,55.0,42.18,56.29
2020-12-25,1875.82,25.85,48.24,0.0,80.23
2020-12-28,1871.19,26.16,41.41,16.51,55.09
2020-12-29,1877.99,26.18,69.01,22.93,105.21
2020-12-30,1893.37,26.61,59.15,53.61,89.43
2020-12-31,1896.49,26.36,80.79,46.03,95.98
2021-01-01,1898.1,26.36,65.27,32.54,81.41
2021-01-04,1942.28,27.21,99.33,108.92,107.37
2021-01-05,1949.35,27.57,121.85,71.99,150.11
2021-01-06,1918.81,27.3,106.57,35.41,169.85
2021-01-07,1912.5,27.1,54.24,24.95,76.32
2021-01-08,1848.26,25.37,77.74,51.67,86.19
2021-01-11,1844.66,24.92,84.14,35.32,110.47
2021-01-12,1855.63,25.57,169.88,169.35,181.62
2021-01-13,1843.41,25.14,66.5,74.58,55.3
2021-01-14,1846.37,25.53,62.11,41.28,68.86
2021-01-15,1826.59,24.74,57.97,49.54,75.75
2021-01-18,1836.89,25.33,94.49,55.41,129.41
2021-01-19,1839.34,25.19,66.67,49.85,76.23
2021-01-20,1870.91,25.81,87.49,23.79,132.27
2021-01-21,1869.91,25.95,47.44,39.41,52.59
2021-01-22,1852.55,25.4,93.71,73.12,101.64
2021-01-25,1854.99,25.3,140.45,96.56,185.24
2021-01-26,1850.31,25.44,50.25,8.35,76.61
2021-01-27,1843.99,25.24,68.84,72.67,60.61
2021-01-28,1840.36,26.37,112.79,41.64,166.73
2021-01-29,1846.09,27.0,63.22,16.81,91.12
2021-02-01,1860.16,28.97,60.05,29.93,83.22
2021-02-02,1837.35,26.61,192.34,144.88,248.79
2021-02-03,1833.76,26.86,69.92,43.57,101.75
2021-02-04,1792.26,26.29,78.18,24.61,116.34
2021-02-05,1811.62,26.83,106.44,101.87,106.21
2021-02-08,1830.16,27.25,72.8,63.51,68.11
2021-02-09,1837.06,27.2,61.26,69.8,50.94
2021-02-10,1842.22,26.99,74.93,39.31,104.93
2021-02-11,1825.36,26.95,63.46,50.61,70.36
2021-02-12,1823.46,27.35,73.33,34.4,107.6
2021-02-15,1818.51,27.59,61.24,44.4,64.81
2021-02-16,1794.31,27.22,91.76,82.33,91.56
2021-02-17,1776.26,27.35,104.37,54.29,128.29
2021-02-18,1775.49,27.02,33.67,8.39,56.0
2021-02-19,1782.31,27.21,85.16,25.47,127.46
2021-02-22,1808.66,28.16,71.29,0.0,118.56
2021-02-23,1805.06,27.62,97.43,79.47,103.11
2021-02-24,1804.36,27.98,77.84,34.49,107.88
2021-02-25,1769.88,27.4,46.18,25.11,62.84
2021-02-26,1733.49,26.62,121.14,83.29,166.73
2021-03-01,1723.84,26.51,96.3,76.8,96.09
2021-03-02,1738.09,26.75,137.47,61.89,191.75
2021-03-03,1710.95,26.08,154.59,70.45,220.36
2021-03-04,1697.19,25.31,88.44,32.06,127.03
2021-03-05,1700.86,25.19,88.98,48.39,127.8
2021-03-08,1681.24,25.09,60.4,92.63,23.18
2021-03-09,1715.36,25.9,22.26,17.75,29.62
2021-03-10,1726.05,26.16,57.34,52.77,51.35
2021-03-11,1721.41,26.08,70.39,78.94,80.48
2021-03-12,1726.41,25.91,49.38,16.41,68.43
2021-03-15,1731.84,26.26,111.6,20.23,177.17
2021-03-16,1730.94,25.96,108.84,47.18,149.53
2021-03-17,1744.44,26.34,93.31,50.74,134.02
2021-03-18,1736.41,26.05,134.94,95.47,188.22
2021-03-19,1744.74,26.25,42.85,8.54,64.14
2021-03-22,1738.69,25.78,119.16,38.01,174.39
2021-03-23,1727.11,25.08,99.46,103.47,107.88
2021-03-24,1734.19,25.08,76.44,16.94,120.07
2021-03-25,1726.82,25.02,63.78,33.91,77.79
2021-03-26,1731.97,25.05,69.78,32.74,95.57
2021-03-29,1711.99,24.67,123.24,127.77,98.38
2021-03-30,1684.8,24.02,95.42,99.66,83.13
2021-03-31,1707.01,24.39,76.35,76.11,70.54
2021-04-01,1730.18,24.97,67.7,62.99,90.07
2021-04-02,1728.84,24.97,65.7,54.58,72.85
2021-04-05,1728.44,24.9,74.56,42.47,88.57
2021-04-06,1743.57,25.17,92.79,27.75,131.17
2021-04-07,1737.28,25.12,113.79,67.22,168.21
2021-04-08,1755.94,25.43,32.52,37.05,54.09
2021-04-09,1743.1,25.24,48.01,26.11,65.32
2021-04-12,1732.51,24.85,100.38,120.09,133.55
2021-04-13,1743.83,25.33,95.29,72.38,143.39
2021-04-14,1736.0,25.41,186.3,144.96,294.72
2021-04-15,1763.21,25.86,103.26,41.18,151.12
2021-04-16,1776.31,25.96,95.03,18.05,142.99
2021-04-19,1769.31,25.81,110.42,150.11,100.16
2021-04-20,1777.25,25.87,125.27,129.5,138.88
2021-04-21,1793.46,26.58,166.3,62.73,261.62
2021-04-22,1783.94,26.17,113.77,61.07,145.55
2021-04-23,1777.18,25.99,146.73,115.25,177.47
2021-04-26,1780.19,26.21,54.47,39.49,57.64
2021-04-27,1776.69,26.24,131.65,143.95,98.88
2021-04-28,1781.32,26.17,50.06,33.27,62.44
2021-04-29,1771.24,26.08,47.38,68.71,28.66
2021-04-30,1768.59,25.9,36.4,27.22,37.84
2021-05-03,1792.36,26.87,97.43,86.34,90.02
2021-05-04,1778.48,26.53,93.88,71.31,104.08
2021-05-05,1786.44,26.5,60.39,8.6,93.25
2021-05-06,1815.18,27.3,76.31,53.7,111.97
2021-05-07,1830.48,27.43,55.93,8.58,85.85
2021-05-10,1835.44,27.31,49.0,9.77,73.34
2021-05-11,1836.94,27.63,101.18,78.94,124.37
2021-05-12,1815.44,27.03,63.3,33.65,84.21
2021-05-13,1826.57,27.06,140.43,131.77,144.25
2021-05-14,1842.19,27.42,115.36,73.93,143.89
2021-05-17,1866.13,28.17,92.16,40.83,127.72
2021-05-18,1868.22,28.21,98.59,108.11,114.77
2021-05-19,1869.57,27.75,158.96,92.02,204.67
2021-05-20,1876.69,27.74,125.85,89.62,134.55
2021-05-21,1880.3,27.52,165.85,125.12,171.46
2021-05-24,1881.07,27.8,138.41,101.19,176.47
2021-05-25,1899.26,27.98,170.94,46.06,276.6
2021-05-26,1896.44,27.69,176.61,85.89,243.57
2021-05-27,1896.08,27.86,133.34,49.85,187.1
2021-05-28,1902.64,27.88,140.03,43.62,196.49
2021-05-31,1906.36,28.05,57.55,51.0,63.81
2021-06-01,1900.19,27.9,65.87,18.76,93.9
2021-06-02,1907.94,28.2,68.73,27.41,99.06
2021-06-03,1870.57,27.45,60.07,17.11,85.63
2021-06-04,1889.97,27.78,79.61,52.91,95.62
2021-06-07,1899.0,27.88,54.3,0.0,90.31
2021-06-08,1892.82,27.64,59.73,54.96,68.77
2021-06-09,1888.3,27.75,93.25,53.12,110.77
2021-06-10,1898.14,27.97,85.51,35.9,119.76
2021-06-11,1876.64,27.89,131.48,84.57,155.18
2021-06-14,1865.99,27.83,29.36,19.51,40.69
2021-06-15,1858.69,27.64,73.51,27.48,114.61
2021-06-16,1811.95,26.96,144.79,139.97,124.04
2021-06-17,1773.31,25.92,138.02,18.35,214.24
2021-06-18,1763.34,25.79,84.5,33.7,112.43
2021-06-21,1782.95,25.94,94.5,79.34,99.26
2021-06-22,1778.51,25.75,170.6,37.8,252.2
2021-06-23,1778.73,25.86,41.51,49.66,55.23
2021-06-24,1775.18,25.93,76.66,40.22,100.65
2021-06-25,1780.34,26.07,54.79,42.01,56.07
2021-06-28,1778.18,26.09,97.29,110.85,107.87
2021-06-29,1761.09,25.75,95.69,154.44,60.62
2021-06-30,1769.8,26.1,43.82,61.16,43.72
2021-07-01,1776.6,26.01,64.11,68.18,49.76
2021-07-02,1786.79,26.46,78.98,43.74,102.15
2021-07-05,1791.61,26.46,65.99,78.94,65.84
2021-07-06,1796.69,26.13,63.33,29.14,97.22
2021-07-07,1803.41,26.12,34.78,43.34,21.69
2021-07-08,1802.56,25.91,37.86,28.31,39.35
2021-07-09,1807.98,26.08,32.36,32.26,33.63
2021-07-12,1805.88,26.18,69.74,89.39,41.42
2021-07-13,1807.44,25.96,77.25,81.54,60.46
2021-07-14,1827.06,26.24,56.22,17.24,86.3
2021-07-15,1829.19,26.32,104.51,108.72,98.24
2021-07-16,1810.89,25.66,70.38,28.07,101.44
2021-07-19,1812.34,25.21,50.57,10.08,84.11
2021-07-20,1810.03,24.91,37.43,27.99,38.91
2021-07-21,1803.31,25.23,49.92,45.24,45.28
2021-07-22,1806.69,25.46,95.29,63.33,105.65
2021-07-23,1801.34,25.16,91.79,39.79,119.47
2021-07-26,1797.27,25.16,59.15,49.14,65.58
2021-07-27,1798.73,24.67,79.2,65.03,108.48
2021-07-28,1806.88,24.93,53.3,65.39,47.73
2021-07-29,1827.95,25.53,30.92,8.81,44.07
2021-07-30,1813.58,25.46,80.9,125.46,67.27
2021-08-02,1813.39,25.43,111.95,40.58,160.79
2021-08-03,1809.94,25.55,50.82,46.06,46.1
2021-08-04,1811.41,25.36,89.99,76.9,92.65
2021-08-05,1804.01,25.13,99.66,75.7,110.5
2021-08-06,1762.69,24.33,63.62,16.91,98.75
2021-08-09,1729.46,23.43,42.61,53.09,26.57
2021-08-10,1728.71,23.32,103.37,46.84,140.66
2021-08-11,1751.56,23.52,71.91,47.79,103.64
2021-08-12,1752.44,23.16,76.15,94.9,55.41
2021-08-13,1779.15,23.74,95.29,126.67,60.37
2021-08-16,1787.24,23.82,127.2,95.11,185.1
2021-08-17,1785.96,23.64,157.74,137.6,163.96
2021-08-18,1787.59,23.48,83.16,73.69,99.88
2021-08-19,1780.18,23.23,49.64,9.0,75.05
2021-08-20,1780.87,23.01,68.6,48.85,81.49
2021-08-23,1805.2,23.66,189.93,44.55,297.28
2021-08-24,1802.61,23.84,133.26,151.83,150.39
2021-08-25,1790.68,23.86,47.53,47.38,63.23
2021-08-26,1792.16,23.54,114.39,133.05,134.75
2021-08-27,1816.67,24.0,103.81,141.13,86.32
2021-08-30,1810.17,24.06,107.77,124.4,94.33
2021-08-31,1813.43,23.89,203.01,108.6,288.21
2021-09-01,1813.66,24.17,80.04,88.65,73.95
2021-09-02,1809.4,23.88,106.26,55.27,138.3
2021-09-03,1826.19,24.69,98.69,136.89,92.77
2021-09-06,1823.1,24.67,81.71,137.86,104.54
2021-09-07,1794.13,24.3,117.78,88.06,130.58
2021-09-08,1788.93,23.96,85.3,75.59,86.69
2021-09-09,1794.69,24.07,73.61,36.69,99.47
2021-09-10,1787.34,23.72,65.94,85.07,45.16
2021-09-13,1793.49,23.72,104.92,109.58,91.4
2021-09-14,1804.27,23.83,69.79,37.11,100.59
2021-09-15,1792.59,23.82,65.97,56.37,70.53
2021-09-16,1753.39,22.93,119.12,45.68,160.01
2021-09-17,1754.16,22.39,151.91,48.85,220.03
2021-09-20,1763.88,22.25,59.96,49.81,58.16
2021-09-21,1774.25,22.47,84.71,26.67,118.63
2021-09-22,1767.91,22.67,54.23,45.05,60.13
2021-09-23,1742.57,22.49,68.83,60.04,85.85
2021-09-24,1749.86,22.42,92.75,70.45,110.18
2021-09-27,1749.85,22.65,57.03,47.38,55.33
2021-09-28,1733.68,22.43,96.16,67.1,111.94
2021-09-29,1726.11,21.51,59.4,81.99,83.58
2021-09-30,1756.66,22.2,102.68,62.31,148.49
2021-10-01,1760.36,22.52,68.04,67.83,91.93
2021-10-04,1769.51,22.66,65.81,17.5,102.15
2021-10-05,1759.96,22.66,171.9,120.42,185.44
2021-10-06,1762.48,22.59,56.07,0.0,93.25
2021-10-07,1755.29,22.58,121.31,74.42,139.66
2021-10-08,1756.67,22.66,94.4,25.67,142.72
2021-10-11,1753.86,22.56,50.81,20.26,76.04
2021-10-12,1759.93,22.53,81.57,108.42,52.75
2021-10-13,1792.65,23.07,94.01,116.03,74.45
2021-10-14,1795.56,23.54,55.36,64.39,53.71
2021-10-15,1767.26,23.28,107.15,151.32,74.25
2021-10-18,1764.6,23.17,126.71,27.07,188.15
2021-10-19,1768.87,23.65,133.84,28.59,198.74
2021-10-20,1781.83,24.27,76.41,62.73,104.65
2021-10-21,1782.76,24.14,94.01,80.33,104.22
2021-10-22,1792.48,24.31,86.04,68.62,107.32
2021-10-25,1807.47,24.55,79.63,116.43,123.6
2021-10-26,1792.63,24.13,144.65,105.75,160.38
2021-10-27,1796.69,24.04,102.93,55.97,140.06
2021-10-28,1798.62,24.1,96.13,87.85,99.92
2021-10-29,1782.81,23.85,55.78,25.67,71.36
2021-11-01,1793.05,24.02,124.33,17.71,199.39
2021-11-02,1787.28,23.52,62.87,28.93,96.51
2021-11-03,1769.52,23.49,73.81,60.59,101.08
2021-11-04,1791.7,23.77,122.69,61.16,160.32
2021-11-05,1816.73,24.17,76.94,64.59,101.02
2021-11-08,1824.26,24.44,46.37,71.9,34.27
2021-11-09,1831.48,24.28,84.58,28.11,117.21
2021-11-10,1849.57,24.62,135.3,37.21,193.98
2021-11-11,1861.52,25.23,83.04,45.99,115.09
2021-11-12,1864.04,25.29,101.22,27.52,153.03
2021-11-15,1862.46,25.04,141.16,28.15,211.28
2021-11-16,1849.91,24.8,122.86,56.53,165.03
2021-11-17,1866.96,25.05,126.07,78.01,180.74
2021-11-18,1858.46,24.78,158.17,54.06,217.96
2021-11-19,1844.6,24.59,108.76,81.32,150.73
2021-11-22,1805.04,24.17,128.99,41.15,180.2
2021-11-23,1789.73,23.65,80.91,28.47,118.73
2021-11-24,1788.5,23.53,87.69,126.27,48.61
2021-11-25,1788.45,23.58,118.1,47.09,166.94
2021-11-26,1791.81,23.13,58.98,9.8,98.08
2021-11-29,1785.01,22.89,60.78,20.2,101.08
2021-11-30,1773.78,22.8,92.79,18.5,146.6
2021-12-01,1782.66,22.31,86.94,17.34,130.13
2021-12-02,1768.64,22.37,93.12,26.53,140.12
2021-12-03,1783.74,22.51,106.17,42.34,162.45
2021-12-06,1778.11,22.35,120.54,67.3,184.44
2021-12-07,1784.04,22.47,202.43,155.95,237.19
2021-12-08,1782.06,22.39,145.56,52.77,212.73
2021-12-09,1774.46,21.93,104.56,66.33,150.17
2021-12-10,1782.51,22.16,164.98,112.53,245.49
2021-12-13,1786.94,22.31,110.42,10.48,174.89
2021-12-14,1770.18,21.93,129.9,101.75,177.46
2021-12-15,1777.06,22.05,72.01,26.92,112.28
2021-12-16,1799.03,22.46,136.25,59.43,212.43
2021-12-17,1797.68,22.35,95.44,71.36,125.66
2021-12-20,1789.32,22.23,53.09,21.17,88.29
2021-12-21,1788.36,22.49,101.41,19.26,160.61
2021-12-22,1803.4,22.77,141.34,17.61,227.71
2021-12-23,1807.91,22.89,135.31,59.95,225.03
2021-12-24,1808.11,22.94,135.72,60.13,208.99
2021-12-27,1810.9,23.04,78.87,17.47,131.17
2021-12-28,1805.37,22.99,58.89,14.68,85.7
2021-12-29,1803.66,22.81,37.89,21.58,63.01
2021-12-30,1815.01,23.03,147.23,56.45,197.76
2021-12-31,1828.39,23.27,76.59,0.0,127.38
2022-01-03,1800.85,22.86,52.34,14.91,74.61
2022-01-04,1814.56,23.03,88.96,10.43,139.25
2022-01-05,1809.53,22.77,96.48,82.44,137.53
2022-01-06,1788.68,22.15,70.01,69.8,65.5
2022-01-07,1795.63,22.3,118.96,72.98,182.62
2022-01-10,1801.41,22.45,130.01,51.84,172.97
2022-01-11,1822.01,22.76,188.91,78.84,270.34
2022-01-12,1825.32,23.11,78.21,36.69,114.77
2022-01-13,1822.09,23.07,170.65,100.07,250.41
2022-01-14,1817.22,22.95,133.57,17.75,207.33
2022-01-17,1818.99,23.0,109.27,137.6,86.08
2022-01-18,1813.54,23.45,138.82,114.53,151.26
2022-01-19,1839.96,24.12,153.56,52.49,233.49
2022-01-20,1838.36,24.43,136.37,26.31,212.17
2022-01-21,1833.24,24.23,185.75,88.18,242.72
2022-01-24,1843.06,23.95,185.8,42.34,282.51
2022-01-25,1847.56,23.82,291.58,123.9,397.48
2022-01-26,1818.12,23.48,260.34,71.6,425.49
2022-01-27,1796.51,22.74,265.01,79.26,411.34
2022-01-28,1791.03,22.42,182.23,80.74,282.86
2022-01-31,1796.47,22.43,142.99,19.01,237.8
2022-02-01,1800.65,22.63,190.59,54.29,286.77
2022-02-02,1806.5,22.62,250.32,58.23,395.48
2022-02-03,1804.4,22.39,176.29,40.87,272.72
2022-02-04,1807.49,22.48,92.57,64.2,107.1
2022-02-07,1820.31,22.99,195.15,29.93,299.58
2022-02-08,1825.48,23.18,158.39,81.21,225.78
2022-02-09,1832.43,23.3,117.18,35.94,172.39
2022-02-10,1826.57,23.18,108.54,17.31,173.28
2022-02-11,1859.96,23.57,179.28,73.12,250.72
2022-02-14,1870.29,23.83,191.89,70.48,285.53
2022-02-15,1853.06,23.34,229.06,87.83,380.94
2022-02-16,1868.37,23.54,223.47,61.16,371.64
2022-02-17,1897.27,23.81,228.45,91.1,334.34
2022-02-18,1897.87,23.96,226.35,147.54,318.52
2022-02-21,1905.63,23.94,152.37,135.02,244.01
2022-02-22,1898.13,24.09,279.43,121.56,439.37
2022-02-23,1907.55,24.52,431.02,183.47,692.65
2022-02-24,1903.14,24.2,370.7,189.52,545.37
2022-02-25,1887.56,24.19,515.89,162.41,797.75
2022-02-28,1907.9,24.42,452.62,218.17,678.29
2022-03-01,1943.22,25.37,540.83,287.55,809.49
2022-03-02,1926.11,25.25,523.52,203.22,778.2
2022-03-03,1935.21,25.16,436.82,353.83,552.41
2022-03-04,1968.45,25.67,350.07,226.85,465.75
2022-03-07,1998.11,25.66,362.31,247.68,473.43
2022-03-08,2052.41,26.39,352.11,360.26,408.36
2022-03-09,1991.49,25.73,295.31,179.2,391.47
2022-03-10,1995.86,25.88,352.4,384.11,343.82
2022-03-11,1985.29,25.8,410.33,289.76,497.59
2022-03-14,1951.11,25.02,350.11,204.05,492.68
2022-03-15,1917.84,24.86,311.88,207.28,400.8
2022-03-16,1927.93,25.06,473.22,343.91,632.54
2022-03-17,1942.64,25.34,290.33,227.75,348.27
2022-03-18,1921.09,24.95,285.32,202.48,394.07
2022-03-21,1935.95,25.2,227.74,227.04,223.8
2022-03-22,1921.44,24.76,244.84,201.01,295.41
2022-03-23,1943.38,25.06,267.47,297.42,342.17
2022-03-24,1957.48,25.51,317.01,265.66,420.24
2022-03-25,1957.4,25.51,350.74,328.08,424.88
2022-03-28,1923.2,24.84,281.92,319.38,277.05
2022-03-29,1919.19,24.75,233.36,181.57,283.97
2022-03-30,1933.06,24.84,233.51,270.69,243.84
2022-03-31,1937.23,24.77,254.81,220.89,331.65
2022-04-01,1924.3,24.61,188.16,167.83,205.87
2022-04-04,1932.44,24.5,163.02,143.02,184.36
2022-04-05,1923.76,24.31,212.42,137.36,276.88
2022-04-06,1925.48,24.43,175.75,116.8,247.99
2022-04-07,1932.17,24.57,243.42,232.12,290.41
2022-04-08,1945.85,24.75,219.48,152.65,263.14
2022-04-11,1953.43,25.07,195.23,226.02,240.89
2022-04-12,1966.59,25.35,226.25,219.77,260.5
2022-04-13,1977.72,25.72,258.88,305.48,254.8
2022-04-14,1973.52,25.63,265.66,302.67,279.51
2022-04-15,1974.54,25.68,168.44,186.57,186.75
2022-04-18,1978.5,25.84,218.63,184.93,264.43
2022-04-19,1949.84,25.16,213.52,243.27,223.2
2022-04-20,1957.41,25.18,189.61,166.79,250.41
2022-04-21,1951.49,24.64,128.26,111.19,139.12
2022-04-22,1929.73,24.14,246.8,218.7,319.23
2022-04-25,1897.69,23.61,246.9,232.47,285.15
2022-04-26,1905.56,23.48,160.54,160.05,169.1
2022-04-27,1886.12,23.28,186.7,127.63,239.52
2022-04-28,1894.34,23.13,176.38,131.88,219.99
2022-04-29,1896.4,22.74,148.94,143.36,170.82
2022-05-02,1862.77,22.63,96.67,128.5,107.18
2022-05-03,1867.79,22.55,157.47,156.99,187.06
2022-05-04,1880.92,22.96,163.45,217.26,172.16
2022-05-05,1876.84,22.5,144.7,144.25,171.89
2022-05-06,1882.96,22.34,174.07,178.79,192.99
2022-05-09,1853.92,21.79,150.87,170.02,174.54
2022-05-10,1838.14,21.24,143.25,190.41,158.82
2022-05-11,1852.12,21.56,176.38,175.83,210.83
2022-05-12,1821.72,20.66,158.26,174.1,163.36
2022-05-13,1811.15,21.07,162.08,141.39,210.59
2022-05-16,1823.79,21.6,168.75,174.46,197.49
2022-05-17,1814.67,21.62,174.62,158.26,220.01
2022-05-18,1815.61,21.4,165.9,128.04,195.8
2022-05-19,1841.72,21.89,162.38,129.5,189.03
2022-05-20,1845.68,21.75,140.96,90.34,200.94
2022-05-23,1853.22,21.77,150.31,115.27,173.06
2022-05-24,1865.9,22.09,222.36,295.57,265.49
2022-05-25,1852.83,21.97,155.1,209.85,147.4
2022-05-26,1850.02,21.99,134.57,72.24,172.16
2022-05-27,1852.73,22.1,155.52,124.03,181.05
2022-05-30,1856.21,21.95,115.82,138.56,128.42
2022-05-31,1837.09,21.54,190.31,177.87,217.59
2022-06-01,1845.55,21.8,168.34,162.41,207.72
2022-06-02,1868.13,22.28,142.59,120.29,164.18
2022-06-03,1850.77,21.91,142.78,102.49,189.97
2022-06-06,1841.0,22.06,190.13,145.8,231.06
2022-06-07,1851.97,22.21,139.03,108.47,201.06
2022-06-08,1853.26,22.03,152.37,146.27,178.32
2022-06-09,1847.61,21.66,115.55,76.8,155.57
2022-06-10,1870.96,21.87,94.35,52.25,122.03
2022-06-13,1818.77,21.05,147.23,146.77,163.23
2022-06-14,1808.1,21.08,136.37,113.29,188.99
2022-06-15,1833.38,21.65,110.05,120.68,91.51
2022-06-16,1856.71,21.92,132.28,109.9,128.33
2022-06-17,1839.35,21.65,114.05,82.69,137.94
2022-06-20,1838.29,21.58,115.72,115.37,144.34
2022-06-21,1832.56,21.67,116.77,98.03,153.31
2022-06-22,1837.39,21.39,121.32,126.21,131.58
2022-06-23,1822.43,20.93,143.56,190.83,141.48
2022-06-24,1826.18,21.11,149.36,106.36,204.04
2022-06-27,1822.73,21.14,132.0,100.26,177.71
2022-06-28,1819.69,20.84,200.76,189.02,241.14
2022-06-29,1817.11,20.71,181.89,186.82,238.33
2022-06-30,1806.89,20.25,173.21,151.09,225.04
2022-07-01,1810.18,19.87,119.08,107.92,153.03
2022-07-04,1809.12,19.95,80.44,87.48,97.29
2022-07-05,1764.35,19.19,109.65,138.08,86.38
2022-07-06,1738.3,19.18,138.99,150.11,134.84
2022-07-07,1739.61,19.19,88.63,66.27,110.55
2022-07-08,1741.82,19.3,110.42,83.87,122.42
2022-07-11,1733.67,19.08,112.85,52.94,154.56
2022-07-12,1725.81,18.89,113.64,147.28,113.39
2022-07-13,1735.23,19.19,182.87,145.85,217.23
2022-07-14,1709.45,18.38,165.35,98.91,210.83
2022-07-15,1706.78,18.69,192.03,148.9,239.52
2022-07-18,1709.01,18.67,128.71,162.08,135.19
2022-07-19,1711.07,18.73,151.08,89.25,223.34
2022-07-20,1696.43,18.65,149.56,55.22,239.52
2022-07-21,1718.49,18.84,117.51,100.41,158.2
2022-07-22,1726.46,18.59,125.48,40.03,200.33
2022-07-25,1718.78,18.41,109.56,38.55,160.77
2022-07-26,1717.0,18.6,160.86,154.43,178.35
2022-07-27,1733.89,19.13,145.54,127.68,154.91
2022-07-28,1755.11,19.97,106.68,95.72,124.2
2022-07-29,1765.22,20.32,68.25,52.34,87.31
2022-08-01,1771.73,20.34,130.93,117.48,163.31
2022-08-02,1759.75,19.95,204.48,116.49,262.33
2022-08-03,1764.9,20.04,210.23,124.62,264.58
2022-08-04,1790.97,20.15,212.05,148.55,285.93
2022-08-05,1774.15,19.88,163.93,112.71,206.82
2022-08-08,1788.52,20.65,149.1,103.4,204.84
2022-08-09,1794.08,20.5,212.57,153.05,255.32
2022-08-10,1792.13,20.57,80.65,68.92,86.23
2022-08-11,1789.45,20.29,130.27,136.05,154.75
2022-08-12,1801.76,20.81,182.54,160.57,205.36
2022-08-15,1778.91,20.25,110.42,90.65,108.02
2022-08-16,1775.54,20.12,96.54,96.24,100.35
2022-08-17,1761.05,19.84,156.09,138.32,173.06
2022-08-18,1758.2,19.52,100.74,59.08,137.97
2022-08-19,1747.83,19.03,117.68,129.04,146.78
2022-08-22,1735.7,19.01,101.73,76.06,137.46
2022-08-23,1747.67,19.16,145.34,144.89,171.21
2022-08-24,1750.89,19.16,102.45,56.74,141.98
2022-08-25,1758.44,19.28,149.12,169.9,141.71
2022-08-26,1736.86,18.88,108.25,86.34,135.02
2022-08-29,1737.82,18.75,120.46,146.77,144.68
2022-08-30,1723.55,18.49,115.27,60.48,171.53
2022-08-31,1710.7,17.97,97.75,119.1,72.25
2022-09-01,1696.09,17.85,187.71,198.14,202.0
2022-09-02,1711.44,18.02,84.13,94.35,78.7
2022-09-05,1710.21,18.16,83.96,45.65,101.55
2022-09-06,1701.15,18.05,119.16,95.03,148.62
2022-09-07,1717.69,18.51,124.29,86.2,170.75
2022-09-08,1707.28,18.57,99.43,93.91,130.55
2022-09-09,1716.05,18.78,94.33,55.32,129.19
2022-09-12,1724.07,19.78,111.96,131.31,109.52
2022-09-13,1701.55,19.32,132.26,143.84,179.97
2022-09-14,1695.8,19.69,202.93,178.51,238.23
2022-09-15,1663.74,19.16,95.61,156.99,56.12
2022-09-16,1674.94,19.56,127.41,105.85,176.57
2022-09-19,1675.78,19.61,122.18,67.67,158.05
2022-09-20,1663.11,19.31,109.77,90.12,139.6
2022-09-21,1673.74,19.59,189.75,162.15,261.48
2022-09-22,1670.53,19.65,225.86,150.11,348.78
2022-09-23,1643.09,18.84,187.8,93.61,277.62
2022-09-26,1621.57,18.34,163.02,104.01,216.89
2022-09-27,1628.8,18.43,155.89,99.9,240.73
2022-09-28,1659.44,18.89,202.59,185.59,282.28
2022-09-29,1660.29,18.82,156.94,122.93,186.43
2022-09-30,1659.67,19.0,162.74,104.67,227.0
2022-10-03,1699.22,20.76,123.9,91.01,195.2
2022-10-04,1726.24,21.11,164.21,90.32,254.26
2022-10-05,1715.81,20.7,171.15,121.09,229.54
2022-10-06,1710.85,20.65,202.7,148.9,257.26
2022-10-07,1694.52,20.11,144.24,39.67,239.88
2022-10-10,1667.96,19.65,193.34,256.99,203.64
2022-10-11,1665.31,19.19,228.25,256.72,233.6
2022-10-12,1672.51,19.06,181.95,149.38,258.1
2022-10-13,1665.8,18.87,133.84,100.07,166.94
2022-10-14,1641.76,18.26,147.23,94.35,183.63
2022-10-17,1649.94,18.68,171.67,139.45,200.9
2022-10-18,1651.83,18.76,128.98,58.45,195.01
2022-10-19,1628.49,18.44,160.19,148.29,190.29
2022-10-20,1627.66,18.66,159.92,148.04,180.47
2022-10-21,1656.66,19.4,174.35,115.87,237.23
2022-10-24,1648.6,19.26,93.58,37.31,124.5
2022-10-25,1652.52,19.34,139.72,69.65,193.64
2022-10-26,1664.49,19.62,133.39,110.82,138.65
2022-10-27,1662.94,19.58,180.49,201.11,220.71
2022-10-28,1641.76,19.23,203.69,128.25,267.43
2022-10-31,1633.12,19.14,113.79,138.65,105.13
2022-11-01,1647.5,19.65,136.88,163.75,127.48
2022-11-02,1634.89,19.28,150.82,75.18,214.99
2022-11-03,1629.15,19.46,186.55,120.63,251.55
2022-11-04,1680.27,20.84,115.89,115.53,136.52
2022-11-07,1674.68,20.78,139.72,104.47,183.96
2022-11-08,1712.52,21.34,225.74,146.54,305.57
2022-11-09,1706.32,21.01,137.41,156.56,163.23
2022-11-10,1754.75,21.67,98.15,127.2,81.61
2022-11-11,1770.69,21.68,111.09,110.75,125.97
2022-11-14,1771.8,21.96,188.93,163.24,198.99
2022-11-15,1778.25,21.54,196.51,100.75,280.12
2022-11-16,1773.77,21.48,170.58,164.57,183.02
2022-11-17,1760.87,20.95,153.21,158.01,193.3
2022-11-18,1749.74,20.92,77.71,67.79,88.85
2022-11-21,1737.81,20.84,107.63,83.45,159.1
2022-11-22,1740.24,21.08,105.25,143.58,119.76
2022-11-23,1749.28,21.51,105.6,99.74,138.65
2022-11-24,1754.96,21.51,46.47,39.71,44.16
2022-11-25,1756.14,21.59,80.51,80.27,76.51
2022-11-28,1740.75,20.92,88.0,25.07,146.35
2022-11-29,1749.73,21.26,100.55,66.83,111.48
2022-11-30,1768.45,22.19,81.59,21.69,126.64
2022-12-01,1802.89,22.77,65.95,40.46,84.36
2022-12-02,1797.82,23.13,109.1,138.42,123.71
2022-12-05,1768.39,22.25,98.97,139.29,106.5
2022-12-06,1770.91,22.16,139.1,133.53,162.79
2022-12-07,1786.22,22.72,127.41,74.09,150.09
2022-12-08,1789.23,23.07,140.96,97.29,171.31
2022-12-09,1796.63,23.47,117.31,55.69,176.51
2022-12-12,1781.15,23.3,158.37,157.88,153.64
2022-12-13,1810.29,23.73,152.63,146.52,150.42
2022-12-14,1807.27,23.9,133.39,166.23,138.65
2022-12-15,1776.66,23.05,73.61,45.16,84.75
2022-12-16,1792.34,23.21,98.8,127.46,96.65
2022-12-19,1787.44,22.95,171.46,164.09,159.68
2022-12-20,1817.41,24.17,132.74,132.34,130.45
2022-12-21,1814.13,23.97,169.54,169.02,195.2
2022-12-22,1792.57,23.57,159.0,184.93,165.27
2022-12-23,1797.91,23.7,114.93,161.75,78.7
2022-12-26,1797.61,23.85,64.7,51.6,64.56
2022-12-27,1813.93,24.04,146.82,128.07,152.6
2022-12-28,1804.09,23.5,151.89,86.53,192.45
2022-12-29,1814.89,23.87,116.49,101.61,121.08
2022-12-30,1824.4,23.97,150.23,194.7,112.43
2023-01-02,1823.69,23.99,117.05,93.35,155.73
2023-01-03,1839.49,23.98,198.45,167.4,215.79
2023-01-04,1854.09,23.74,94.29,100.26,94.08
2023-01-05,1833.19,23.22,100.74,118.15,88.7
2023-01-06,1865.71,23.81,88.73,106.15,88.54
2023-01-09,1871.59,23.63,86.13,52.84,99.16
2023-01-10,1877.27,23.61,114.62,102.84,114.37
2023-01-11,1876.38,23.42,129.44,82.12,156.56
2023-01-12,1896.86,23.77,114.45,126.77,105.74
2023-01-13,1920.21,24.25,103.7,80.41,124.55
2023-01-16,1918.0,24.4,107.1,152.53,114.51
2023-01-17,1908.39,23.92,127.41,88.91,169.51
2023-01-18,1903.76,23.43,76.78,65.61,100.33
2023-01-19,1931.39,23.83,115.06,120.74,110.78
2023-01-20,1926.57,23.95,152.37,123.77,168.93
2023-01-23,1931.3,23.45,87.71,80.71,78.54
2023-01-24,1937.45,23.67,89.98,67.28,121.59
2023-01-25,1945.93,23.9,110.61,116.08,106.5
2023-01-26,1928.99,23.89,71.49,83.15,59.45
2023-01-27,1927.34,23.56,120.77,172.0,86.08
2023-01-30,1922.52,23.59,155.17,94.16,213.18
2023-01-31,1927.88,23.7,148.32,153.34,146.18
2023-02-01,1950.42,23.98,108.7,114.07,123.69
2023-02-02,1912.37,23.46,130.6,118.36,167.84
2023-02-03,1865.53,22.35,116.33,99.4,128.97
2023-02-06,1867.36,22.27,112.53,126.21,128.66
2023-02-07,1873.81,22.19,138.02,125.09,166.94
2023-02-08,1875.59,22.31,134.98,67.28,187.06
2023-02-09,1861.39,21.98,169.59,169.06,188.02
2023-02-10,1864.67,21.99,147.88,153.32,167.24
2023-02-13,1853.39,21.97,110.42,142.46,86.42
2023-02-14,1854.29,21.84,82.67,35.32,127.66
2023-02-15,1836.19,21.63,119.27,86.48,144.26
2023-02-16,1837.44,21.6,134.75,123.14,149.4
2023-02-17,1841.59,21.73,106.1,58.76,156.84
2023-02-20,1841.14,21.74,146.03,76.62,204.51
2023-02-21,1834.32,21.83,174.98,132.34,220.76
2023-02-22,1825.04,21.5,150.31,149.85,173.06
2023-02-23,1822.64,21.29,127.87,145.69,121.52
2023-02-24,1810.81,20.77,110.97,88.51,147.65
2023-02-27,1817.31,20.62,125.63,92.28,142.95
2023-02-28,1827.15,20.91,146.95,146.5,162.93
2023-03-01,1836.81,21.0,92.77,97.93,108.91
2023-03-02,1836.0,20.89,121.4,149.85,115.37
2023-03-03,1854.97,21.24,154.63,213.44,128.58
2023-03-06,1846.85,21.04,106.86,53.26,133.28
2023-03-07,1813.52,20.05,161.43,90.12,204.04
2023-03-08,1813.59,20.0,125.93,54.58,173.01
2023-03-09,1830.89,20.07,147.48,79.17,198.1
2023-03-10,1867.83,20.51,113.44,67.86,141.5
2023-03-13,1913.23,21.81,144.3,87.56,177.37
2023-03-14,1902.12,21.69,117.31,122.52,148.64
2023-03-15,1918.1,21.79,101.75,101.44,122.21
2023-03-16,1919.12,21.71,112.81,163.58,119.39
2023-03-17,1987.93,22.59,85.23,90.63,103.94
2023-03-20,1978.71,22.52,94.07,80.38,111.74
2023-03-21,1940.15,22.38,129.9,141.28,157.12
2023-03-22,1969.58,23.03,114.43,48.03,170.28
2023-03-23,1993.5,23.12,100.57,75.2,125.44
2023-03-24,1977.22,23.22,72.62,55.69,83.61
2023-03-27,1956.56,23.1,120.95,53.59,167.62
2023-03-28,1973.69,23.26,76.76,47.09,98.2
2023-03-29,1964.04,23.35,79.96,79.71,75.99
2023-03-30,1980.25,23.88,129.3,110.49,133.12
2023-03-31,1967.9,24.07,90.45,45.08,122.21
2023-04-03,1984.11,24.0,84.6,64.88,97.41
2023-04-04,2019.97,25.02,119.43,75.2,146.35
2023-04-05,2020.35,24.98,117.88,105.77,147.04
2023-04-06,2008.02,25.01,173.69,123.68,226.96
2023-04-10,1989.95,24.9,142.78,56.94,201.84
2023-04-11,2003.14,25.08,92.75,52.84,110.18
2023-04-12,2014.67,25.48,119.43,112.79,114.99
2023-04-13,2039.73,25.8,126.19,75.48,167.89
2023-04-14,2003.04,25.34,119.8,47.77,169.35
2023-04-17,1994.77,25.11,91.62,98.37,93.77
2023-04-18,2004.93,25.21,106.86,146.48,88.85
2023-04-19,1993.26,25.26,158.03,169.66,151.62
2023-04-20,2004.34,25.29,95.67,107.3,79.55
2023-04-21,1982.89,25.03,140.05,97.13,162.03
2023-04-24,1988.88,25.17,159.47,86.71,204.93
2023-04-25,1997.87,25.05,180.23,173.48,165.37
2023-04-26,1989.48,24.89,105.35,116.69,97.33
2023-04-27,1987.87,24.96,117.88,164.53,88.22
2023-04-28,1989.65,25.04,117.88,117.52,107.83
2023-05-01,1982.05,24.97,104.61,111.24,127.58
2023-05-02,2016.28,25.39,77.04,89.6,53.38
2023-05-03,2039.02,25.6,149.53,160.53,133.9
2023-05-04,2051.11,26.07,118.08,136.31,103.36
2023-05-05,2016.54,25.65,69.74,23.17,106.31
2023-05-08,2021.39,25.57,51.76,58.97,49.19
2023-05-09,2034.17,25.62,116.35,150.11,102.44
2023-05-10,2029.51,25.42,118.52,70.89,147.83
2023-05-11,2015.55,24.18,137.28,71.4,178.67
2023-05-12,2011.15,23.91,146.22,100.53,184.47
2023-05-15,2020.6,24.11,135.87,116.1,150.64
2023-05-16,1988.6,23.73,137.53,143.06,119.33
2023-05-17,1981.72,23.73,89.38,11.14,139.35
2023-05-18,1958.05,23.49,125.22,102.14,151.45
2023-05-19,1976.56,23.83,160.85,140.31,158.83
2023-05-22,1969.43,23.66,78.25,39.0,108.45
2023-05-23,1974.73,23.43,183.69,146.5,213.84
2023-05-24,1957.01,23.09,115.22,80.41,153.29
2023-05-25,1940.34,22.77,106.29,117.73,137.48
2023-05-26,1946.33,23.31,61.34,55.6,64.92
2023-05-29,1942.84,23.19,44.97,44.83,49.86
2023-05-30,1959.14,23.22,111.29,65.26,141.54
2023-05-31,1962.3,23.48,219.58,137.6,281.71
2023-06-01,1977.88,23.91,182.4,140.78,225.06
2023-06-02,1947.63,23.59,129.57,123.56,159.27
2023-06-05,1961.76,23.59,107.09,42.7,142.47
2023-06-06,1962.85,23.58,133.47,133.06,131.17
2023-06-07,1939.63,23.46,142.29,158.88,123.05
2023-06-08,1967.76,24.24,78.74,78.49,84.18
2023-06-09,1960.6,24.27,96.33,53.35,124.6
2023-06-12,1956.92,24.05,65.73,65.52,54.65
2023-06-13,1943.33,23.68,77.17,59.18,108.6
2023-06-14,1942.99,23.93,72.13,77.44,73.82
2023-06-15,1957.65,23.86,158.32,133.55,182.28
2023-06-16,1957.36,24.15,111.43,90.89,117.93
2023-06-19,1950.12,23.94,107.78,100.29,107.55
2023-06-20,1935.91,23.19,142.78,102.49,180.47
2023-06-21,1932.26,22.64,127.87,72.85,162.03
2023-06-22,1913.52,22.24,154.5,98.58,185.0
2023-06-23,1921.36,22.42,46.41,46.27,38.59
2023-06-26,1922.85,22.77,169.51,140.83,211.43
2023-06-27,1913.35,22.89,118.31,94.35,167.24
2023-06-28,1907.42,22.72,82.54,109.71,82.36
2023-06-29,1908.15,22.55,120.9,72.31,160.85
2023-06-30,1919.57,22.75,102.67,86.2,125.82
2023-07-03,1921.43,22.88,45.38,38.78,53.9
2023-07-04,1925.09,22.95,109.93,116.9,109.69
2023-07-05,1917.32,23.11,89.85,95.55,109.58
2023-07-06,1910.8,22.74,172.66,140.26,202.07
2023-07-07,1924.28,23.06,120.56,171.7,85.93
2023-07-10,1924.99,23.12,138.3,105.05,164.28
2023-07-11,1931.99,23.1,141.35,134.79,122.65
2023-07-12,1957.09,24.14,203.19,110.49,255.99
2023-07-13,1960.19,24.86,80.51,57.33,95.64
2023-07-14,1954.93,24.93,151.37,104.47,193.64
2023-07-17,1954.74,24.86,110.85,91.01,119.29
2023-07-18,1978.71,25.08,151.43,138.39,167.89
2023-07-19,1977.25,25.17,188.83,139.84,260.2
2023-07-20,1969.62,24.74,127.64,145.43,141.52
2023-07-21,1960.23,24.57,112.39,106.15,127.89
2023-07-24,1954.51,24.37,143.43,163.42,159.02
2023-07-25,1964.58,24.7,61.72,54.7,68.43
2023-07-26,1972.1,24.92,84.08,55.88,93.22
2023-07-27,1944.99,24.14,132.5,60.04,190.31
2023-07-28,1959.2,24.33,130.33,97.45,162.56
2023-07-31,1964.19,24.77,154.4,111.94,175.07
2023-08-01,1944.08,24.33,116.91,103.6,140.43
2023-08-02,1933.56,23.74,132.76,138.65,147.19
2023-08-03,1933.74,23.56,88.73,106.15,88.54
2023-08-04,1941.62,23.6,119.37,95.2,119.11
2023-08-07,1936.39,23.15,117.57,96.52,115.01
2023-08-08,1924.82,22.76,108.3,88.91,127.13
2023-08-09,1914.59,22.67,105.72,93.68,97.68
2023-08-10,1912.06,22.68,131.01,124.38,145.25
2023-08-11,1913.32,22.67,142.36,76.42,200.33
2023-08-14,1907.9,22.61,114.97,143.27,119.5
2023-08-15,1901.56,22.51,114.64,72.18,140.48
2023-08-16,1891.76,22.39,100.02,105.58,127.21
2023-08-17,1888.89,22.69,116.03,69.4,154.37
2023-08-18,1888.19,22.7,77.42,33.08,110.36
2023-08-21,1893.94,23.35,97.22,83.08,103.94
2023-08-22,1897.47,23.39,81.1,62.19,83.0
2023-08-23,1914.31,24.32,126.71,96.24,130.45
2023-08-24,1917.43,24.14,61.57,49.11,71.68
2023-08-25,1914.53,24.22,40.26,11.47,66.95
2023-08-28,1919.66,24.26,75.44,68.37,79.84
2023-08-29,1937.12,24.73,115.63,40.69,169.68
2023-08-30,1942.24,24.65,163.3,116.28,213.38
2023-08-31,1939.74,24.44,117.42,110.9,102.78
2023-09-01,1938.8,24.16,73.49,45.08,84.61
2023-09-04,1938.19,23.97,100.62,61.73,115.84
2023-09-05,1925.81,23.53,121.79,24.28,182.28
2023-09-06,1916.28,23.19,76.63,47.01,88.22
2023-09-07,1919.19,22.95,80.34,61.61,92.5
2023-09-08,1917.81,22.91,80.14,95.88,88.85
2023-09-11,1921.66,23.07,93.5,39.95,122.18
2023-09-12,1913.26,23.11,164.97,65.78,230.46
2023-09-13,1906.3,22.84,134.78,31.01,198.29
2023-09-14,1910.32,22.63,119.94,102.49,123.48
2023-09-15,1923.57,23.01,106.68,85.09,133.07
2023-09-18,1933.14,23.23,114.69,94.16,168.3
2023-09-19,1930.94,23.23,207.42,97.31,314.51
2023-09-20,1929.68,23.24,190.11,206.76,258.68
2023-09-21,1919.57,23.38,162.91,108.27,225.78
2023-09-22,1924.99,23.53,131.63,109.35,164.18
2023-09-25,1915.66,23.11,109.96,41.11,171.44
2023-09-26,1900.49,22.86,81.25,24.92,114.34
2023-09-27,1874.7,22.52,101.47,47.6,138.97
2023-09-28,1864.56,22.6,64.38,58.35,68.13
2023-09-29,1848.31,22.16,86.41,91.89,76.65
2023-10-02,1827.4,21.07,63.46,37.96,84.43
2023-10-03,1822.81,21.15,107.05,83.0,148.36
2023-10-04,1821.08,20.96,61.24,66.6,64.81
2023-10-05,1820.01,20.9,54.3,36.09,70.24
2023-10-06,1832.26,21.59,161.31,91.89,220.36
2023-10-09,1860.88,21.89,227.07,279.64,211.03
2023-10-10,1860.09,21.81,259.08,282.88,297.51
2023-10-11,1873.61,22.06,265.93,265.11,278.82
2023-10-12,1868.65,21.84,218.01,229.42,221.57
2023-10-13,1931.7,22.7,287.31,292.05,318.55
2023-10-16,1919.44,22.6,290.34,381.55,296.3
2023-10-17,1923.07,22.83,274.52,267.6,324.66
2023-10-18,1947.69,22.87,333.01,349.46,359.49
2023-10-19,1973.7,23.04,338.85,431.0,330.35
2023-10-20,1981.04,23.35,298.63,363.87,331.09
2023-10-23,1972.59,22.98,312.77,467.72,307.37
2023-10-24,1970.11,22.93,250.01,286.62,249.46
2023-10-25,1979.62,22.89,208.09,224.27,224.48
2023-10-26,1984.82,22.83,168.44,223.89,155.62
2023-10-27,2005.78,23.14,251.86,283.84,236.75
2023-10-30,1995.88,23.31,205.43,192.0,213.53
2023-10-31,1982.7,22.9,172.08,208.31,173.75
2023-11-01,1982.15,22.99,251.73,262.36,247.38
2023-11-02,1985.51,22.75,219.58,287.71,198.24
2023-11-03,1992.27,23.2,174.92,261.57,109.09
2023-11-06,1977.68,23.03,182.9,229.61,146.46
2023-11-07,1968.4,22.6,140.21,174.73,106.88
2023-11-08,1949.79,22.53,132.5,204.15,120.2
2023-11-09,1958.19,22.62,201.48,259.94,177.39
2023-11-10,1936.79,22.22,180.98,229.64,164.18
2023-11-13,1945.89,22.31,131.05,159.68,84.75
2023-11-14,1962.67,23.08,148.23,141.35,160.77
2023-11-15,1959.09,23.43,130.6,94.69,148.09
2023-11-16,1980.85,23.72,170.86,219.79,155.83
2023-11-17,1980.01,23.73,149.48,178.83,119.33
2023-11-20,1977.19,23.4,204.9,217.89,227.18
2023-11-21,1998.37,23.73,96.48,141.07,85.58
2023-11-22,1989.72,23.62,191.44,127.24,231.55
2023-11-23,1991.79,23.66,175.45,223.89,128.39
2023-11-24,2001.97,24.3,152.79,231.53,111.81
2023-11-27,2013.64,24.62,166.35,173.05,180.43
2023-11-28,2040.89,25.0,184.38,215.51,169.18
2023-11-29,2044.59,25.01,88.78,143.82,55.37
2023-11-30,2035.75,25.25,178.9,230.13,163.16
2023-12-01,2070.9,25.42,94.81,106.34,88.7
2023-12-04,2029.74,24.49,194.86,259.01,151.23
2023-12-05,2019.42,24.12,89.69,59.61,109.38
2023-12-06,2024.9,23.87,131.24,177.94,113.5
2023-12-07,2028.34,23.78,194.16,175.97,215.27
2023-12-08,2003.39,22.97,153.52,188.37,137.48
2023-12-11,1981.3,22.79,153.77,140.53,149.18
2023-12-12,1979.44,22.75,167.42,166.91,178.99
2023-12-13,2026.39,23.75,192.79,244.62,194.32
2023-12-14,2035.53,24.14,148.68,213.44,118.69
2023-12-15,2018.19,23.83,169.26,204.89,211.11
2023-12-18,2027.0,23.78,144.02,237.22,83.31
2023-12-19,2040.12,24.03,187.76,240.66,156.13
2023-12-20,2029.19,24.13,143.77,229.33,95.64
2023-12-21,2045.49,24.38,114.02,143.58,99.8
2023-12-22,2052.98,24.17,89.37,71.27,138.72
2023-12-25,2054.93,24.24,136.4,194.26,97.22
2023-12-26,2066.6,24.2,139.57,222.63,92.85
2023-12-27,2077.16,24.25,180.18,234.9,138.3
2023-12-28,2064.86,23.93,122.69,143.89,96.02
2023-12-29,2062.59,23.76,221.28,213.92,301.1
2024-01-01,2063.8,23.82,167.6,275.2,114.77
2024-01-02,2058.88,23.64,131.12,192.64,91.82
2024-01-03,2040.78,22.96,142.9,246.06,108.02
2024-01-04,2043.26,22.99,180.69,240.17,155.81
2024-01-05,2045.5,23.16,167.49,197.89,165.06
2024-01-08,2027.84,23.08,106.63,141.73,106.4
2024-01-09,2029.59,22.95,241.27,299.03,206.05
2024-01-10,2023.4,22.86,118.1,129.5,108.02
2024-01-11,2028.09,22.75,165.31,190.16,148.03
2024-01-12,2048.72,23.17,210.59,238.32,189.31
2024-01-15,2054.49,23.2,106.4,141.43,94.37
2024-01-16,2027.59,22.91,193.39,286.08,145.25
2024-01-17,2005.72,22.53,176.2,234.21,175.82
2024-01-18,2022.67,22.74,167.49,160.79,206.33
2024-01-19,2029.09,22.58,207.41,212.68,246.38
2024-01-22,2020.99,22.08,186.62,239.21,121.93
2024-01-23,2028.69,22.43,169.07,249.71,124.97
2024-01-24,2012.59,22.7,159.14,235.04,107.83
2024-01-25,2019.75,22.91,202.29,252.09,210.27
2024-01-26,2018.34,22.79,141.32,191.61,112.81
2024-01-29,2031.75,23.18,140.53,200.14,144.68
2024-01-30,2036.12,23.16,206.28,254.03,171.53
2024-01-31,2037.19,22.92,205.61,250.52,170.97
2024-02-01,2054.89,23.15,147.5,159.3,143.09
2024-02-02,2038.59,22.67,171.52,245.81,169.37
2024-02-05,2024.67,22.36,125.88,145.3,121.2
2024-02-06,2035.46,22.4,118.75,162.0,62.37
2024-02-07,2034.22,22.18,100.38,144.55,74.2
2024-02-08,2033.18,22.58,116.23,162.22,77.32
2024-02-09,2024.16,22.6,194.53,277.04,175.62
2024-02-12,2019.79,22.69,156.39,184.25,189.15
2024-02-13,1992.13,22.07,187.86,262.19,135.38
2024-02-14,1992.39,22.37,135.81,153.05,137.48
2024-02-15,2004.09,22.9,214.81,247.96,216.22
2024-02-16,2013.1,23.4,160.93,133.7,167.28
2024-02-19,2017.63,22.96,167.82,218.22,109.21
2024-02-20,2023.53,22.96,170.21,221.9,141.54
2024-02-21,2024.99,22.87,193.75,236.77,197.49
2024-02-22,2024.11,22.75,219.58,125.09,302.58
2024-02-23,2035.72,22.94,167.07,149.32,191.62
2024-02-26,2030.66,22.51,200.97,276.35,149.83
2024-02-27,2029.64,22.43,166.86,98.58,215.84
2024-02-28,2034.62,22.46,177.46,188.71,157.4
2024-02-29,2043.24,22.67,153.25,141.03,166.64
2024-03-01,2083.39,23.15,155.18,130.9,188.6
2024-03-04,2114.99,23.87,170.75,177.03,159.02
2024-03-05,2127.55,23.68,83.46,102.4,85.41
2024-03-06,2148.29,24.16,108.02,95.72,99.8
2024-03-07,2159.16,24.32,122.23,146.23,91.48
2024-03-08,2177.51,24.31,183.72,177.61,194.44
2024-03-11,2182.47,24.42,155.81,202.6,157.72
2024-03-12,2157.99,24.17,199.55,172.41,232.31
2024-03-13,2174.4,25.04,149.75,179.15,129.51
2024-03-14,2161.01,24.82,187.15,248.77,155.62
2024-03-15,2155.54,25.16,138.02,183.47,105.21
2024-03-18,2159.99,25.04,147.65,128.0,149.47
2024-03-19,2157.23,24.92,183.3,221.9,152.42
2024-03-20,2185.96,25.62,116.03,138.8,115.78
2024-03-21,2180.81,24.77,130.51,148.7,103.36
2024-03-22,2164.15,24.66,125.0,135.95,122.84
2024-03-25,2171.45,24.68,187.99,245.58,140.15
2024-03-26,2178.58,24.43,165.63,203.22,158.91
2024-03-27,2194.02,24.67,126.74,149.32,105.39
2024-03-28,2232.38,24.97,99.63,111.73,82.84
2024-04-01,2250.36,25.09,123.22,144.52,132.6
2024-04-02,2280.1,26.11,197.96,249.98,197.53
2024-04-03,2299.17,27.22,181.87,194.26,162.03
2024-04-04,2289.43,26.94,160.98,172.83,123.57
2024-04-05,2329.5,27.48,142.05,158.6,170.09
2024-04-08,2338.89,27.84,126.33,153.92,81.7
2024-04-09,2352.58,28.16,171.76,159.0,173.43
2024-04-10,2332.79,27.97,208.52,261.34,168.44
2024-04-11,2373.24,28.47,123.34,117.11,136.75
2024-04-12,2343.43,27.88,161.33,160.83,160.98
2024-04-15,2382.51,28.89,230.79,230.08,237.07
2024-04-16,2382.83,28.09,340.54,283.94,453.08
2024-04-17,2360.81,28.22,227.5,221.26,267.61
2024-04-18,2378.25,28.22,149.44,124.15,196.75
2024-04-19,2390.45,28.65,208.12,184.43,269.2
2024-04-22,2326.29,27.19,162.91,81.21,248.36
2024-04-23,2321.81,27.28,148.32,110.9,164.45
2024-04-24,2315.82,27.18,139.23,150.37,154.37
2024-04-25,2331.78,27.43,172.4,171.87,143.36
2024-04-26,2337.72,27.17,150.83,138.8,154.37
2024-04-29,2334.44,27.12,191.11,197.58,188.34
2024-04-30,2285.57,26.28,167.8,123.92,196.38
2024-05-01,2317.9,26.64,130.76,111.73,124.26
2024-05-02,2303.29,26.7,137.77,214.98,59.77
2024-05-03,2301.56,26.54,110.42,127.46,115.98
2024-05-06,2323.57,27.46,93.62,172.3,23.95
2024-05-07,2313.79,27.23,176.27,133.31,252.71
2024-05-08,2308.65,27.34,163.58,198.03,126.31
2024-05-09,2345.88,28.34,145.4,126.04,136.67
2024-05-10,2360.14,28.15,185.28,223.89,186.75
2024-05-13,2336.05,28.19,177.11,235.42,152.72
2024-05-14,2357.97,28.59,154.67,167.05,150.05
2024-05-15,2386.04,29.7,129.21,81.97,166.05
2024-05-16,2376.44,29.61,124.9,129.93,144.5
2024-05-17,2414.89,31.49,181.66,170.44,204.37
2024-05-20,2425.12,31.83,135.08,115.42,149.76
2024-05-21,2421.64,31.96,165.28,151.04,171.8
2024-05-22,2378.25,30.76,140.05,121.41,172.16
2024-05-23,2328.37,30.11,101.83,83.6,139.47
2024-05-24,2333.76,30.34,116.64,81.4,126.09
2024-05-27,2350.74,31.68,145.43,64.44,188.11
2024-05-28,2360.95,32.11,143.46,104.01,162.67
2024-05-29,2338.77,31.96,135.44,112.52,168.93
2024-05-30,2343.0,31.18,93.58,111.94,83.0
2024-05-31,2326.97,30.38,156.5,195.02,108.45
2024-06-03,2350.35,30.76,111.11,83.08,127.04
2024-06-04,2327.68,29.48,110.21,109.88,122.2
2024-06-05,2354.78,30.01,119.32,135.95,113.39
2024-06-06,2375.61,31.3,115.91,133.8,111.6
2024-06-07,2292.71,29.18,122.69,166.79,92.74
2024-06-10,2310.6,29.77,107.29,120.33,144.97
2024-06-11,2316.27,29.26,121.79,133.55,131.65
2024-06-12,2322.55,29.7,117.68,140.78,88.07
2024-06-13,2303.19,29.0,133.47,157.26,110.99
2024-06-14,2332.52,29.54,90.14,67.4,121.8
2024-06-17,2318.87,29.5,120.95,133.97,111.74
2024-06-18,2328.33,29.52,142.94,148.7,165.37
2024-06-19,2327.48,29.76,114.89,89.08,137.99
2024-06-20,2359.63,30.71,177.01,151.25,231.29
2024-06-21,2320.34,29.52,128.3,46.51,184.28
2024-06-24,2332.93,29.64,212.61,232.47,205.3
2024-06-25,2319.01,28.92,109.99,103.2,150.64
2024-06-26,2297.91,28.76,128.58,109.88,183.29
2024-06-27,2327.45,29.06,120.68,72.18,170.59
2024-06-28,2325.71,29.13,121.46,143.1,128.54
2024-07-01,2331.7,29.44,71.45,90.65,54.01
2024-07-02,2329.28,29.51,79.6,97.67,91.65
2024-07-03,2356.06,30.47,107.82,131.38,99.62
2024-07-04,2356.12,30.4,90.28,83.08,80.84
2024-07-05,2391.46,31.21,73.11,56.07,74.83
2024-07-08,2358.8,30.79,89.18,88.91,127.13
2024-07-09,2363.58,30.79,90.05,89.77,96.27
2024-07-10,2371.07,30.81,124.67,177.55,88.85
2024-07-11,2414.78,31.44,127.85,139.05,125.64
2024-07-12,2411.27,30.77,86.32,64.54,98.7
2024-07-15,2422.07,31.01,67.88,121.81,22.58
2024-07-16,2468.57,31.38,68.24,49.47,92.85
2024-07-17,2458.38,30.29,105.26,86.42,113.27
2024-07-18,2444.97,30.7,133.52,126.77,126.89
2024-07-19,2400.79,29.26,143.77,126.13,162.59
2024-07-22,2397.65,29.2,130.04,136.46,136.59
2024-07-23,2409.21,29.22,36.47,36.36,30.32
2024-07-24,2397.59,28.99,78.87,84.68,70.63
2024-07-25,2364.5,27.97,91.54,114.07,85.63
2024-07-26,2385.57,27.89,95.77,89.86,103.06
2024-07-29,2383.54,27.86,124.38,65.26,174.2
2024-07-30,2408.43,28.39,107.07,93.4,111.29
2024-07-31,2448.1,29.04,112.86,101.27,168.93
2024-08-01,2445.42,28.55,133.2,161.65,144.47
2024-08-02,2443.29,28.55,191.22,246.7,187.06
2024-08-05,2407.65,27.28,187.0,119.84,211.03
2024-08-06,2389.37,27.04,131.5,124.85,166.62
2024-08-07,2381.53,26.6,172.72,221.39,153.88
2024-08-08,2426.75,27.57,174.67,199.01,134.87
2024-08-09,2430.93,27.44,151.34,201.16,111.86
2024-08-12,2472.25,28.01,118.31,170.36,98.38
2024-08-13,2465.03,27.84,151.6,181.37,126.06
2024-08-14,2447.64,27.59,175.77,188.71,191.13
2024-08-15,2456.1,28.39,139.61,101.22,168.86
2024-08-16,2507.28,29.01,118.94,166.01,118.69
2024-08-19,2503.92,29.48,136.53,186.25,83.65
2024-08-20,2513.74,29.43,151.47,183.83,98.57
2024-08-21,2511.95,29.63,140.69,114.75,148.89
2024-08-22,2483.29,28.99,184.37,159.3,183.97
2024-08-23,2512.07,29.82,143.76,203.04,99.62
2024-08-26,2516.89,29.9,176.03,191.44,172.99
2024-08-27,2524.57,29.99,174.35,141.62,171.82
2024-08-28,2502.25,29.11,156.19,220.59,119.06
2024-08-29,2521.18,29.44,132.5,176.13,94.44
2024-08-30,2503.03,28.84,166.55,258.29,102.59
2024-09-02,2499.29,28.5,145.51,204.8,99.65
2024-09-03,2492.76,28.05,171.23,144.44,208.09
2024-09-04,2494.19,28.29,180.32,226.37,177.71
2024-09-05,2516.32,28.81,141.97,165.12,127.89
2024-09-06,2497.03,27.92,100.38,100.07,102.02
2024-09-09,2505.25,28.35,146.76,97.54,185.96
2024-09-10,2516.12,28.38,97.61,85.14,131.89
2024-09-11,2511.44,28.69,212.91,249.71,197.87
2024-09-12,2558.75,29.91,103.11,64.25,117.9
2024-09-13,2576.5,30.66,185.64,219.77,125.42
2024-09-16,2582.58,30.76,88.97,81.88,79.68
2024-09-17,2569.52,30.74,100.79,80.38,111.74
2024-09-18,2558.8,30.06,122.01,145.96,101.46
2024-09-19,2586.48,30.79,93.75,137.08,62.37
2024-09-20,2621.96,31.11,175.54,191.93,188.34
2024-09-23,2628.4,30.67,158.1,150.11,212.85
2024-09-24,2656.7,32.13,161.12,154.2,171.49
2024-09-25,2656.82,31.85,175.3,132.58,231.22
2024-09-26,2670.2,32.03,234.46,263.71,279.95
2024-09-27,2657.97,31.62,134.85,116.9,136.51
2024-09-30,2634.49,31.15,160.49,179.2,160.15
2024-10-01,2662.82,31.41,135.87,232.2,75.32
2024-10-02,2657.75,31.87,178.71,216.34,191.06
2024-10-03,2655.9,32.05,237.06,223.89,321.62
2024-10-04,2652.25,32.17,144.28,161.09,143.96
2024-10-07,2643.58,31.72,80.63,107.18,67.05
2024-10-08,2621.94,30.7,98.59,91.73,120.24
2024-10-09,2607.77,30.51,137.03,142.55,128.81
2024-10-10,2629.48,31.19,119.59,178.83,69.61
2024-10-11,2656.0,31.53,157.45,217.34,151.07
2024-10-14,2651.05,31.17,151.47,210.09,87.62
2024-10-15,2660.99,31.47,125.71,112.79,125.44
2024-10-16,2673.24,31.67,117.64,123.45,102.97
2024-10-17,2692.55,31.7,104.24,57.73,134.84
2024-10-18,2720.25,33.66,124.89,130.43,118.69
2024-10-21,2719.65,33.76,119.06,111.71,139.76
2024-10-22,2748.38,34.83,214.15,173.46,222.59
2024-10-23,2717.54,33.73,215.39,207.32,209.98
2024-10-24,2735.7,33.71,136.47,160.79,123.8
2024-10-25,2747.69,33.7,170.03,233.8,136.51
2024-10-28,2741.98,33.7,145.17,171.04,131.69
2024-10-29,2775.13,34.45,160.8,102.6,213.94
2024-10-30,2786.19,33.8,133.96,157.83,151.9
2024-10-31,2743.8,32.65,133.9,174.11,77.46
2024-11-01,2735.16,32.43,131.07,130.67,128.81
2024-11-04,2736.39,32.46,114.69,107.61,134.64
2024-11-05,2743.59,32.66,57.44,38.18,63.69
2024-11-06,2659.24,31.16,120.14,114.07,123.69
2024-11-07,2706.99,32.0,98.8,115.87,115.98
2024-11-08,2683.77,31.29,108.89,68.56,152.5
2024-11-11,2620.2,30.68,154.23,147.07,178.43
2024-11-12,2597.27,30.71,106.86,93.21,155.5
2024-11-13,2573.78,30.33,116.55,97.85,122.42
2024-11-14,2566.19,30.46,58.63,35.07,68.25
2024-11-15,2561.24,30.21,97.59,118.91,108.2
2024-11-18,2612.2,31.16,245.91,346.1,180.43
2024-11-19,2631.68,31.21,197.48,152.42,233.07
2024-11-20,2650.05,30.86,195.19,160.25,267.33
2024-11-21,2669.69,30.78,193.79,217.34,241.71
2024-11-22,2712.55,31.31,102.1,67.86,122.63
2024-11-25,2625.26,30.29,123.71,164.43,91.44
2024-11-26,2631.89,30.42,169.26,192.84,130.69
2024-11-27,2635.51,30.08,199.63,236.33,176.37
2024-11-28,2640.96,30.26,176.28,161.09,195.44
2024-11-29,2653.55,30.6,226.97,293.54,234.64
2024-12-02,2638.93,30.5,197.0,320.05,121.34
2024-12-03,2643.44,31.03,164.99,189.79,168.86
2024-12-04,2649.79,31.29,136.6,95.33,147.66
2024-12-05,2632.05,31.34,127.66,107.18,167.62
2024-12-06,2632.91,30.98,150.85,156.4,150.52
2024-12-09,2658.78,31.81,170.97,298.28,71.08
2024-12-10,2693.64,31.9,194.5,254.49,202.17
2024-12-11,2717.93,31.9,153.94,181.89,142.23
2024-12-12,2681.33,30.96,233.83,323.76,140.43
2024-12-13,2648.39,30.57,191.36,249.98,131.69
2024-12-16,2652.5,30.52,194.04,179.63,207.45
2024-12-17,2645.54,30.53,133.3,93.02,166.27
2024-12-18,2587.63,29.36,176.0,187.99,219.52
2024-12-19,2593.85,29.02,152.59,190.16,148.03
2024-12-20,2620.77,29.51,128.64,153.9,106.97
2024-12-23,2612.93,29.65,146.57,102.29,158.44
2024-12-24,2613.2,29.61,143.37,135.4,150.59
2024-12-26,2634.43,29.8,132.86,158.94,88.38
2024-12-27,2620.0,29.37,168.56,219.18,121.88
2024-12-30,2605.39,28.94,108.2,82.97,110.73
2024-12-31,2623.81,28.87,63.4,79.0,52.72
2025-01-02,2657.16,29.57,198.89,273.49,102.65
2025-01-03,2639.12,29.62,137.5,137.08,155.92
2025-01-06,2635.33,29.95,98.32,120.63,62.89
2025-01-07,2649.49,30.01,118.53,62.19,166.0
2025-01-08,2662.06,30.12,70.48,51.1,85.25
2025-01-09,2670.19,30.12,123.83,86.42,144.16
2025-01-10,2689.63,30.4,65.77,59.61,69.61
2025-01-13,2662.12,29.6,107.55,71.48,155.02
2025-01-14,2677.16,29.89,148.52,90.12,204.04
2025-01-15,2695.82,30.66,147.09,152.51,156.56
2025-01-16,2713.77,30.78,92.98,115.87,67.65
2025-01-17,2701.55,30.34,88.34,66.05,101.0
2025-01-20,2708.06,30.49,151.89,173.05,120.28
2025-01-21,2744.39,30.86,50.29,37.6,62.72
2025-01-22,2755.02,30.8,157.46,174.42,145.48
2025-01-23,2753.69,30.44,126.48,120.09,130.21
2025-01-24,2771.3,30.61,148.88,116.62,194.54
2025-01-27,2741.1,30.2,197.66,271.8,192.7
2025-01-28,2763.11,30.39,164.41,194.26,151.9
2025-01-29,2757.71,30.82,105.26,86.42,113.27
2025-01-30,2793.88,31.67,120.9,72.31,140.74
2025-01-31,2801.0,31.3,110.42,69.52,135.31
2025-02-03,2813.49,31.55,146.63,146.18,144.1
2025-02-04,2841.94,32.09,141.71,153.05,127.66
2025-02-05,2865.09,32.31,135.57,117.52,156.84
2025-02-06,2856.5,32.2,150.85,108.27,180.62
2025-02-07,2860.39,31.82,118.94,130.43,98.9
2025-02-10,2907.34,32.04,121.01,105.56,138.35
2025-02-11,2898.34,31.82,119.8,83.6,149.43
2025-02-12,2903.66,32.22,95.37,76.06,116.31
2025-02-13,2929.03,32.36,167.72,179.15,189.28
2025-02-14,2883.18,32.14,119.53,102.14,123.05
2025-02-17,2897.66,32.79,156.25,155.77,194.89
2025-02-18,2935.58,32.87,217.61,180.79,251.32
2025-02-19,2932.64,32.72,166.24,171.87,174.08
2025-02-20,2938.7,32.92,265.49,336.85,200.69
2025-02-21,2936.03,32.54,181.82,203.92,188.99
2025-02-24,2951.19,32.35,144.02,182.74,108.87
2025-02-25,2915.12,31.73,165.32,207.54,112.01
2025-02-26,2916.19,31.84,162.06,232.65,107.81
2025-02-27,2876.19,31.25,138.02,114.67,162.59
2025-02-28,2858.6,31.15,122.69,88.95,139.12
2025-03-03,2893.71,31.68,154.23,160.44,156.13
2025-03-04,2917.49,31.98,253.45,211.54,303.88
2025-03-05,2918.84,32.62,180.47,116.08,242.05
2025-03-06,2909.99,32.62,229.88,176.28,245.06
2025-03-07,2910.79,32.53,179.53,138.56,221.52
2025-03-10,2889.4,32.11,238.45,205.6,267.95
2025-03-11,2916.04,32.93,222.04,227.34,219.56
2025-03-12,2932.06,33.23,218.23,234.29,214.03
2025-03-13,2987.75,33.8,254.81,214.51,282.51
2025-03-14,2984.42,33.78,224.04,212.71,266.14
2025-03-17,3001.47,33.84,156.55,137.34,187.45
2025-03-18,3033.95,34.03,201.48,271.75,206.96
2025-03-19,3047.18,33.81,275.57,251.83,315.07
2025-03-20,3044.41,33.55,247.04,223.89,252.11
2025-03-21,3023.63,33.04,158.55,135.48,160.09
2025-03-24,3012.27,32.99,141.51,192.37,96.27
2025-03-25,3019.85,33.75,139.72,81.25,174.27
2025-03-26,3019.29,33.71,155.46,119.22,208.83
2025-03-27,3056.1,34.41,156.46,161.35,143.56
2025-03-28,3084.03,34.11,151.06,139.84,179.45
2025-03-31,3123.05,34.07,188.73,90.83,259.76
2025-04-01,3110.55,33.74,91.22,79.58,94.82
2025-04-02,3133.57,34.03,115.75,109.9,119.16
2025-04-03,3112.83,31.87,98.11,115.07,86.38
2025-04-04,3037.36,29.56,177.26,187.76,184.25
2025-04-07,2982.54,30.12,126.19,138.39,104.93
2025-04-08,2983.78,29.84,128.58,134.29,142.56
2025-04-09,3082.18,31.03,189.78,206.4,153.03
2025-04-10,3173.92,31.2,161.03,137.6,162.59
2025-04-11,3236.21,32.25,134.75,100.75,168.07
2025-04-14,3209.28,32.35,168.12,161.39,196.75
2025-04-15,3227.6,32.3,141.71,141.28,147.3
2025-04-16,3343.22,32.75,156.31,191.79,169.97
2025-04-17,3327.54,32.59,122.46,97.67,142.56
2025-04-21,3424.3,32.71,158.4,137.31,171.8
2025-04-22,3382.54,32.55,133.23,193.19,100.71
2025-04-23,3288.26,33.57,146.83,105.39,185.59
2025-04-24,3349.1,33.58,179.53,150.11,221.52
2025-04-25,3319.45,33.11,190.11,206.76,249.1
2025-04-28,3341.67,33.2,114.01,75.77,168.54
2025-04-29,3317.18,32.99,127.87,109.27,162.03
2025-04-30,3288.59,32.62,140.21,139.78,136.02
2025-05-01,3241.0,32.43,105.35,128.36,97.33
2025-05-02,3240.88,32.01,181.07,180.52,221.42
2025-05-05,3334.5,32.53,213.92,193.88,280.3
2025-05-06,3430.21,33.27,209.34,270.08,204.8
2025-05-07,3365.21,32.5,250.62,358.48,262.77
2025-05-08,3305.52,32.52,248.86,253.6,312.7
2025-05-09,3324.63,32.72,150.33,128.46,160.72
2025-05-12,3234.7,32.61,200.17,193.12,214.78
2025-05-13,3248.47,32.92,150.3,83.91,199.96
2025-05-14,3178.75,32.24,145.34,96.6,181.28
2025-05-15,3240.87,32.7,214.27,138.56,288.93
2025-05-16,3202.77,32.29,187.0,74.57,275.45
2025-05-19,3229.85,32.37,231.88,303.82,220.36
2025-05-20,3290.12,33.09,167.56,154.2,225.08
2025-05-21,3314.99,33.4,222.44,95.89,349.94
2025-05-22,3295.0,33.1,205.25,170.52,246.53
2025-05-23,3357.42,33.51,103.69,65.29,117.99
2025-05-26,3342.94,33.43,180.83,163.89,232.39
2025-05-27,3300.68,33.33,203.75,222.78,218.61
2025-05-28,3289.76,33.02,228.04,167.51,279.44
2025-05-29,3317.02,33.37,164.45,105.39,214.89
2025-05-30,3289.4,33.0,174.04,138.8,212.26
2025-06-02,3380.21,34.82,247.21,197.16,256.95
2025-06-03,3352.25,34.53,206.25,224.31,249.46
2025-06-04,3376.54,34.99,197.03,184.15,235.52
2025-06-05,3354.16,36.18,245.59,182.2,341.94
2025-06-06,3310.17,35.98,138.02,143.1,128.54
2025-06-09,3328.33,36.76,145.61,145.16,201.8
2025-06-10,3323.02,36.59,188.8,114.07,247.38
2025-06-11,3353.84,36.25,177.66,68.56,257.34
2025-06-12,3385.29,36.4,168.44,89.56,233.43
2025-06-13,3432.64,36.32,167.94,80.83,269.67
2025-06-16,3383.2,36.36,256.29,140.53,383.61
2025-06-17,3388.74,37.28,293.2,199.01,435.74
2025-06-18,3369.09,36.76,320.77,159.89,482.17
2025-06-19,3370.75,36.39,206.61,178.51,251.97
2025-06-20,3368.23,36.01,285.37,345.86,353.62
2025-06-23,3368.88,36.16,542.29,586.22,608.49
2025-06-24,3324.2,35.92,347.34,307.79,427.88
2025-06-25,3332.46,36.33,330.14,189.66,465.29
2025-06-26,3328.06,36.65,234.85,172.51,298.06
2025-06-27,3274.25,36.01,237.44,150.11,317.83
2025-06-30,3303.69,36.11,148.81,90.3,182.92
2025-07-01,3339.21,36.09,189.81,183.13,234.21
2025-07-02,3357.36,36.62,96.02,131.62,99.8
2025-07-03,3326.57,36.85,96.93,113.68,75.86
2025-07-04,3336.64,36.94,157.09,149.8,147.66
2025-07-07,3335.61,36.76,115.55,76.8,138.79
2025-07-08,3300.7,36.81,151.72,138.65,168.21
2025-07-09,3313.72,36.36,137.28,59.5,188.6
2025-07-10,3323.07,37.06,145.8,104.65,193.98
2025-07-11,3355.91,38.38,135.44,180.03,140.78
2025-07-14,3343.8,38.16,107.82,71.66,129.51
2025-07-15,3322.63,37.74,166.55,147.59,184.66
2025-07-16,3346.58,37.97,177.9,134.54,244.84
2025-07-17,3338.95,38.14,155.55,160.81,162.88
2025-07-18,3350.4,38.2,140.04,107.39,179.15
2025-07-21,3395.8,38.94,144.62,96.12,171.8
2025-07-22,3431.5,39.31,118.56,83.43,162.37
2025-07-23,3387.78,39.31,155.72,141.13,153.03
2025-07-24,3368.15,39.11,209.66,125.41,278.94
2025-07-25,3337.18,38.17,113.31,93.02,144.1
2025-07-28,3314.64,38.19,156.25,186.93,142.92
2025-07-29,3326.84,38.22,138.94,87.48,182.42
2025-07-30,3275.25,37.15,212.53,263.02,268.14
2025-07-31,3290.32,36.77,166.96,146.48,177.71
2025-08-01,3362.88,37.05,178.69,109.62,240.02
2025-08-04,3373.37,37.42,125.59,125.21,130.55
2025-08-05,3381.27,37.86,153.36,107.02,204.04
2025-08-06,3369.04,37.88,138.02,130.36,157.06
2025-08-07,3397.31,38.34,136.82,143.58,107.78
2025-08-08,3398.78,38.35,163.85,127.83,189.56
2025-08-11,3344.83,37.61,187.5,284.84,148.49
2025-08-12,3346.2,37.92,192.88,133.77,306.83
2025-08-13,3354.73,38.52,116.23,99.32,165.68
2025-08-14,3336.5,38.02,124.12,123.74,129.02
2025-08-15,3335.39,38.02,166.42,126.41,184.51
2025-08-18,3330.55,38.04,241.25,296.01,216.04
2025-08-19,3315.46,37.4,176.46,223.89,133.39
2025-08-20,3347.11,37.91,172.28,124.91,195.35
2025-08-21,3338.81,38.19,133.44,125.21,130.55
2025-08-22,3372.11,38.85,97.91,48.8,122.12
2025-08-25,3366.79,38.58,153.44,161.97,150.11
2025-08-26,3392.88,38.62,115.76,88.77,118.47
2025-08-27,3397.42,38.64,210.07,193.31,214.99
2025-08-28,3417.2,39.1,204.2,150.79,251.55
2025-08-29,3448.0,39.7,183.15,158.77,211.88
2025-09-01,3476.47,40.7,147.77,122.76,184.32
2025-09-02,3533.73,40.92,71.82,89.5,44.79
2025-09-03,3559.43,41.22,209.95,232.56,193.98
2025-09-04,3546.17,40.7,126.8,79.0,171.33
2025-09-05,3586.81,41.01,166.42,110.61,224.05
2025-09-07,3591.19,40.86,83.51,111.0,92.59
2025-09-08,3635.84,41.36,117.26,97.42,146.26
